現法コード,weekday,納期属性,数量
CHN,Sun,0,0
CHN,Sun,1,0
CHN,Sun,2,0
CHN,Sun,3,0
CHN,Sun,4,0
CHN,Sun,5,0
CHN,Sun,6,0
CHN,Sun,7,0
CHN,Sun,8,0
CHN,Sun,9,0
CHN,Sun,10,0
CHN,Sun,11,0
CHN,Sun,12,0
CHN,Sun,13,0
CHN,Sun,14,0
CHN,Sun,15,0
CHN,Sun,16,0
CHN,Sun,17,0
CHN,Sun,18,0
CHN,Sun,19,0
CHN,Sun,20,0
CHN,Sun,21,0
CHN,Sun,22,0
CHN,Sun,23,0
CHN,Sun,24,0
CHN,Sun,25,0
CHN,Sun,26,0
CHN,Sun,27,0
CHN,Sun,28,0
CHN,Sun,29,0
CHN,Sun,30,0
CHN,Sun,31,0
CHN,Sun,32,0
CHN,Sun,33,0
CHN,Sun,34,0
CHN,Sun,35,0
CHN,Sun,36,0
CHN,Sun,37,0
CHN,Sun,38,0
CHN,Sun,39,0
CHN,Sun,40,0
CHN,Sun,41,0
CHN,Sun,42,0
CHN,Sun,43,0
CHN,Sun,44,0
CHN,Sun,45,0
CHN,Sun,46,0
CHN,Sun,47,0
CHN,Sun,48,0
CHN,Sun,49,0
CHN,Sun,50,0
CHN,Sun,51,0
CHN,Sun,52,0
CHN,Sun,53,0
CHN,Sun,54,0
CHN,Sun,55,0
CHN,Sun,56,0
CHN,Sun,57,0
CHN,Sun,58,0
CHN,Sun,59,0
CHN,Sun,60,0
CHN,Sun,61,0
CHN,Sun,62,0
CHN,Sun,63,0
CHN,Sun,64,0
CHN,Sun,65,0
CHN,Sun,66,0
CHN,Sun,67,0
CHN,Sun,68,0
CHN,Sun,69,0
CHN,Sun,70,0
CHN,Sun,71,0
CHN,Sun,72,0
CHN,Sun,73,0
CHN,Mon,0,0
CHN,Mon,1,0
CHN,Mon,2,0
CHN,Mon,3,0
CHN,Mon,4,0
CHN,Mon,5,0
CHN,Mon,6,0
CHN,Mon,7,0
CHN,Mon,8,0
CHN,Mon,9,0
CHN,Mon,10,0
CHN,Mon,11,0
CHN,Mon,12,0
CHN,Mon,13,0
CHN,Mon,14,0
CHN,Mon,15,0
CHN,Mon,16,0
CHN,Mon,17,0
CHN,Mon,18,0
CHN,Mon,19,0
CHN,Mon,20,0
CHN,Mon,21,0
CHN,Mon,22,0
CHN,Mon,23,0
CHN,Mon,24,0
CHN,Mon,25,0
CHN,Mon,26,0
CHN,Mon,27,0
CHN,Mon,28,0
CHN,Mon,29,0
CHN,Mon,30,0
CHN,Mon,31,0
CHN,Mon,32,0
CHN,Mon,33,0
CHN,Mon,34,0
CHN,Mon,35,0
CHN,Mon,36,0
CHN,Mon,37,0
CHN,Mon,38,0
CHN,Mon,39,0
CHN,Mon,40,0
CHN,Mon,41,0
CHN,Mon,42,0
CHN,Mon,43,0
CHN,Mon,44,0
CHN,Mon,45,0
CHN,Mon,46,0
CHN,Mon,47,0
CHN,Mon,48,0
CHN,Mon,49,0
CHN,Mon,50,0
CHN,Mon,51,0
CHN,Mon,52,0
CHN,Mon,53,0
CHN,Mon,54,0
CHN,Mon,55,0
CHN,Mon,56,0
CHN,Mon,57,0
CHN,Mon,58,0
CHN,Mon,59,0
CHN,Mon,60,0
CHN,Mon,61,0
CHN,Mon,62,0
CHN,Mon,63,0
CHN,Mon,64,0
CHN,Mon,65,0
CHN,Mon,66,0
CHN,Mon,67,0
CHN,Mon,68,0
CHN,Mon,69,0
CHN,Mon,70,0
CHN,Mon,71,0
CHN,Mon,72,0
CHN,Mon,73,0
CHN,Tue,0,0
CHN,Tue,1,0
CHN,Tue,2,0
CHN,Tue,3,0
CHN,Tue,4,0
CHN,Tue,5,0
CHN,Tue,6,0
CHN,Tue,7,0
CHN,Tue,8,0
CHN,Tue,9,0
CHN,Tue,10,0
CHN,Tue,11,0
CHN,Tue,12,0
CHN,Tue,13,0
CHN,Tue,14,0
CHN,Tue,15,0
CHN,Tue,16,0
CHN,Tue,17,0
CHN,Tue,18,0
CHN,Tue,19,0
CHN,Tue,20,0
CHN,Tue,21,0
CHN,Tue,22,0
CHN,Tue,23,0
CHN,Tue,24,0
CHN,Tue,25,0
CHN,Tue,26,0
CHN,Tue,27,0
CHN,Tue,28,0
CHN,Tue,29,0
CHN,Tue,30,0
CHN,Tue,31,0
CHN,Tue,32,0
CHN,Tue,33,0
CHN,Tue,34,0
CHN,Tue,35,0
CHN,Tue,36,0
CHN,Tue,37,0
CHN,Tue,38,0
CHN,Tue,39,0
CHN,Tue,40,0
CHN,Tue,41,0
CHN,Tue,42,0
CHN,Tue,43,0
CHN,Tue,44,0
CHN,Tue,45,0
CHN,Tue,46,0
CHN,Tue,47,0
CHN,Tue,48,0
CHN,Tue,49,0
CHN,Tue,50,0
CHN,Tue,51,0
CHN,Tue,52,0
CHN,Tue,53,0
CHN,Tue,54,0
CHN,Tue,55,0
CHN,Tue,56,0
CHN,Tue,57,0
CHN,Tue,58,0
CHN,Tue,59,0
CHN,Tue,60,0
CHN,Tue,61,0
CHN,Tue,62,0
CHN,Tue,63,0
CHN,Tue,64,0
CHN,Tue,65,0
CHN,Tue,66,0
CHN,Tue,67,0
CHN,Tue,68,0
CHN,Tue,69,0
CHN,Tue,70,0
CHN,Tue,71,0
CHN,Tue,72,0
CHN,Tue,73,0
CHN,Wed,0,0
CHN,Wed,1,0
CHN,Wed,2,0
CHN,Wed,3,0
CHN,Wed,4,0
CHN,Wed,5,0
CHN,Wed,6,0
CHN,Wed,7,0
CHN,Wed,8,0
CHN,Wed,9,0
CHN,Wed,10,0
CHN,Wed,11,0
CHN,Wed,12,0
CHN,Wed,13,0
CHN,Wed,14,0
CHN,Wed,15,0
CHN,Wed,16,0
CHN,Wed,17,0
CHN,Wed,18,0
CHN,Wed,19,0
CHN,Wed,20,0
CHN,Wed,21,0
CHN,Wed,22,0
CHN,Wed,23,0
CHN,Wed,24,0
CHN,Wed,25,0
CHN,Wed,26,0
CHN,Wed,27,0
CHN,Wed,28,0
CHN,Wed,29,0
CHN,Wed,30,0
CHN,Wed,31,0
CHN,Wed,32,0
CHN,Wed,33,0
CHN,Wed,34,0
CHN,Wed,35,0
CHN,Wed,36,0
CHN,Wed,37,0
CHN,Wed,38,0
CHN,Wed,39,0
CHN,Wed,40,0
CHN,Wed,41,0
CHN,Wed,42,0
CHN,Wed,43,0
CHN,Wed,44,0
CHN,Wed,45,0
CHN,Wed,46,0
CHN,Wed,47,0
CHN,Wed,48,0
CHN,Wed,49,0
CHN,Wed,50,0
CHN,Wed,51,0
CHN,Wed,52,0
CHN,Wed,53,0
CHN,Wed,54,0
CHN,Wed,55,0
CHN,Wed,56,0
CHN,Wed,57,0
CHN,Wed,58,0
CHN,Wed,59,0
CHN,Wed,60,0
CHN,Wed,61,0
CHN,Wed,62,0
CHN,Wed,63,0
CHN,Wed,64,0
CHN,Wed,65,0
CHN,Wed,66,0
CHN,Wed,67,0
CHN,Wed,68,0
CHN,Wed,69,0
CHN,Wed,70,0
CHN,Wed,71,0
CHN,Wed,72,0
CHN,Wed,73,0
CHN,Thu,0,0
CHN,Thu,1,0
CHN,Thu,2,0
CHN,Thu,3,0
CHN,Thu,4,0
CHN,Thu,5,0
CHN,Thu,6,0
CHN,Thu,7,0
CHN,Thu,8,0
CHN,Thu,9,0
CHN,Thu,10,0
CHN,Thu,11,0
CHN,Thu,12,0
CHN,Thu,13,0
CHN,Thu,14,0
CHN,Thu,15,0
CHN,Thu,16,0
CHN,Thu,17,0
CHN,Thu,18,0
CHN,Thu,19,0
CHN,Thu,20,0
CHN,Thu,21,0
CHN,Thu,22,0
CHN,Thu,23,0
CHN,Thu,24,0
CHN,Thu,25,0
CHN,Thu,26,0
CHN,Thu,27,0
CHN,Thu,28,0
CHN,Thu,29,0
CHN,Thu,30,0
CHN,Thu,31,0
CHN,Thu,32,0
CHN,Thu,33,0
CHN,Thu,34,0
CHN,Thu,35,0
CHN,Thu,36,0
CHN,Thu,37,0
CHN,Thu,38,0
CHN,Thu,39,0
CHN,Thu,40,0
CHN,Thu,41,0
CHN,Thu,42,0
CHN,Thu,43,0
CHN,Thu,44,0
CHN,Thu,45,0
CHN,Thu,46,0
CHN,Thu,47,0
CHN,Thu,48,0
CHN,Thu,49,0
CHN,Thu,50,0
CHN,Thu,51,0
CHN,Thu,52,0
CHN,Thu,53,0
CHN,Thu,54,0
CHN,Thu,55,0
CHN,Thu,56,0
CHN,Thu,57,0
CHN,Thu,58,0
CHN,Thu,59,0
CHN,Thu,60,0
CHN,Thu,61,0
CHN,Thu,62,0
CHN,Thu,63,0
CHN,Thu,64,0
CHN,Thu,65,0
CHN,Thu,66,0
CHN,Thu,67,0
CHN,Thu,68,0
CHN,Thu,69,0
CHN,Thu,70,0
CHN,Thu,71,0
CHN,Thu,72,0
CHN,Thu,73,0
CHN,Fri,0,0
CHN,Fri,1,0
CHN,Fri,2,0
CHN,Fri,3,0
CHN,Fri,4,0
CHN,Fri,5,0
CHN,Fri,6,0
CHN,Fri,7,0
CHN,Fri,8,0
CHN,Fri,9,0
CHN,Fri,10,0
CHN,Fri,11,0
CHN,Fri,12,0
CHN,Fri,13,0
CHN,Fri,14,0
CHN,Fri,15,0
CHN,Fri,16,0
CHN,Fri,17,0
CHN,Fri,18,0
CHN,Fri,19,0
CHN,Fri,20,0
CHN,Fri,21,0
CHN,Fri,22,0
CHN,Fri,23,0
CHN,Fri,24,0
CHN,Fri,25,0
CHN,Fri,26,0
CHN,Fri,27,0
CHN,Fri,28,0
CHN,Fri,29,0
CHN,Fri,30,0
CHN,Fri,31,0
CHN,Fri,32,0
CHN,Fri,33,0
CHN,Fri,34,0
CHN,Fri,35,0
CHN,Fri,36,0
CHN,Fri,37,0
CHN,Fri,38,0
CHN,Fri,39,0
CHN,Fri,40,0
CHN,Fri,41,0
CHN,Fri,42,0
CHN,Fri,43,0
CHN,Fri,44,0
CHN,Fri,45,0
CHN,Fri,46,0
CHN,Fri,47,0
CHN,Fri,48,0
CHN,Fri,49,0
CHN,Fri,50,0
CHN,Fri,51,0
CHN,Fri,52,0
CHN,Fri,53,0
CHN,Fri,54,0
CHN,Fri,55,0
CHN,Fri,56,0
CHN,Fri,57,0
CHN,Fri,58,0
CHN,Fri,59,0
CHN,Fri,60,0
CHN,Fri,61,0
CHN,Fri,62,0
CHN,Fri,63,0
CHN,Fri,64,0
CHN,Fri,65,0
CHN,Fri,66,0
CHN,Fri,67,0
CHN,Fri,68,0
CHN,Fri,69,0
CHN,Fri,70,0
CHN,Fri,71,0
CHN,Fri,72,0
CHN,Fri,73,0
CHN,Sat,0,0
CHN,Sat,1,0
CHN,Sat,2,0
CHN,Sat,3,0
CHN,Sat,4,0
CHN,Sat,5,0
CHN,Sat,6,0
CHN,Sat,7,0
CHN,Sat,8,0
CHN,Sat,9,0
CHN,Sat,10,0
CHN,Sat,11,0
CHN,Sat,12,0
CHN,Sat,13,0
CHN,Sat,14,0
CHN,Sat,15,0
CHN,Sat,16,0
CHN,Sat,17,0
CHN,Sat,18,0
CHN,Sat,19,0
CHN,Sat,20,0
CHN,Sat,21,0
CHN,Sat,22,0
CHN,Sat,23,0
CHN,Sat,24,0
CHN,Sat,25,0
CHN,Sat,26,0
CHN,Sat,27,0
CHN,Sat,28,0
CHN,Sat,29,0
CHN,Sat,30,0
CHN,Sat,31,0
CHN,Sat,32,0
CHN,Sat,33,0
CHN,Sat,34,0
CHN,Sat,35,0
CHN,Sat,36,0
CHN,Sat,37,0
CHN,Sat,38,0
CHN,Sat,39,0
CHN,Sat,40,0
CHN,Sat,41,0
CHN,Sat,42,0
CHN,Sat,43,0
CHN,Sat,44,0
CHN,Sat,45,0
CHN,Sat,46,0
CHN,Sat,47,0
CHN,Sat,48,0
CHN,Sat,49,0
CHN,Sat,50,0
CHN,Sat,51,0
CHN,Sat,52,0
CHN,Sat,53,0
CHN,Sat,54,0
CHN,Sat,55,0
CHN,Sat,56,0
CHN,Sat,57,0
CHN,Sat,58,0
CHN,Sat,59,0
CHN,Sat,60,0
CHN,Sat,61,0
CHN,Sat,62,0
CHN,Sat,63,0
CHN,Sat,64,0
CHN,Sat,65,0
CHN,Sat,66,0
CHN,Sat,67,0
CHN,Sat,68,0
CHN,Sat,69,0
CHN,Sat,70,0
CHN,Sat,71,0
CHN,Sat,72,0
CHN,Sat,73,0
GRM,Sun,0,0
GRM,Sun,1,0
GRM,Sun,2,0
GRM,Sun,3,0
GRM,Sun,4,0
GRM,Sun,5,0
GRM,Sun,6,0
GRM,Sun,7,0
GRM,Sun,8,0
GRM,Sun,9,0
GRM,Sun,10,0
GRM,Sun,11,0
GRM,Sun,12,0
GRM,Sun,13,0
GRM,Sun,14,0
GRM,Sun,15,0
GRM,Sun,16,0
GRM,Sun,17,0
GRM,Sun,18,0
GRM,Sun,19,0
GRM,Sun,20,0
GRM,Sun,21,0
GRM,Sun,22,0
GRM,Sun,23,0
GRM,Sun,24,0
GRM,Sun,25,0
GRM,Sun,26,0
GRM,Sun,27,0
GRM,Sun,28,0
GRM,Sun,29,0
GRM,Sun,30,0
GRM,Sun,31,0
GRM,Sun,32,0
GRM,Sun,33,0
GRM,Sun,34,0
GRM,Sun,35,0
GRM,Sun,36,0
GRM,Sun,37,0
GRM,Sun,38,0
GRM,Sun,39,0
GRM,Sun,40,0
GRM,Sun,41,0
GRM,Sun,42,0
GRM,Sun,43,0
GRM,Sun,44,0
GRM,Sun,45,0
GRM,Sun,46,0
GRM,Sun,47,0
GRM,Sun,48,0
GRM,Sun,49,0
GRM,Sun,50,0
GRM,Sun,51,0
GRM,Sun,52,0
GRM,Sun,53,0
GRM,Sun,54,0
GRM,Sun,55,0
GRM,Sun,56,0
GRM,Sun,57,0
GRM,Sun,58,0
GRM,Sun,59,0
GRM,Sun,60,0
GRM,Sun,61,0
GRM,Sun,62,0
GRM,Sun,63,0
GRM,Sun,64,0
GRM,Sun,65,0
GRM,Sun,66,0
GRM,Sun,67,0
GRM,Sun,68,0
GRM,Sun,69,0
GRM,Sun,70,0
GRM,Sun,71,0
GRM,Sun,72,0
GRM,Sun,73,0
GRM,Mon,0,0
GRM,Mon,1,0
GRM,Mon,2,0
GRM,Mon,3,0
GRM,Mon,4,0
GRM,Mon,5,0
GRM,Mon,6,0
GRM,Mon,7,0
GRM,Mon,8,0
GRM,Mon,9,0
GRM,Mon,10,0
GRM,Mon,11,0
GRM,Mon,12,0
GRM,Mon,13,0
GRM,Mon,14,0
GRM,Mon,15,0
GRM,Mon,16,0
GRM,Mon,17,0
GRM,Mon,18,0
GRM,Mon,19,0
GRM,Mon,20,0
GRM,Mon,21,0
GRM,Mon,22,0
GRM,Mon,23,0
GRM,Mon,24,0
GRM,Mon,25,0
GRM,Mon,26,0
GRM,Mon,27,0
GRM,Mon,28,0
GRM,Mon,29,0
GRM,Mon,30,0
GRM,Mon,31,0
GRM,Mon,32,0
GRM,Mon,33,0
GRM,Mon,34,0
GRM,Mon,35,0
GRM,Mon,36,0
GRM,Mon,37,0
GRM,Mon,38,0
GRM,Mon,39,0
GRM,Mon,40,0
GRM,Mon,41,0
GRM,Mon,42,0
GRM,Mon,43,0
GRM,Mon,44,0
GRM,Mon,45,0
GRM,Mon,46,0
GRM,Mon,47,0
GRM,Mon,48,0
GRM,Mon,49,0
GRM,Mon,50,0
GRM,Mon,51,0
GRM,Mon,52,0
GRM,Mon,53,0
GRM,Mon,54,0
GRM,Mon,55,0
GRM,Mon,56,0
GRM,Mon,57,0
GRM,Mon,58,0
GRM,Mon,59,0
GRM,Mon,60,0
GRM,Mon,61,0
GRM,Mon,62,0
GRM,Mon,63,0
GRM,Mon,64,0
GRM,Mon,65,0
GRM,Mon,66,0
GRM,Mon,67,0
GRM,Mon,68,0
GRM,Mon,69,0
GRM,Mon,70,0
GRM,Mon,71,0
GRM,Mon,72,0
GRM,Mon,73,0
GRM,Tue,0,0
GRM,Tue,1,0
GRM,Tue,2,0
GRM,Tue,3,0
GRM,Tue,4,0
GRM,Tue,5,0
GRM,Tue,6,0
GRM,Tue,7,0
GRM,Tue,8,0
GRM,Tue,9,0
GRM,Tue,10,0
GRM,Tue,11,0
GRM,Tue,12,0
GRM,Tue,13,0
GRM,Tue,14,0
GRM,Tue,15,0
GRM,Tue,16,0
GRM,Tue,17,0
GRM,Tue,18,0
GRM,Tue,19,0
GRM,Tue,20,0
GRM,Tue,21,0
GRM,Tue,22,0
GRM,Tue,23,0
GRM,Tue,24,0
GRM,Tue,25,0
GRM,Tue,26,0
GRM,Tue,27,0
GRM,Tue,28,0
GRM,Tue,29,0
GRM,Tue,30,0
GRM,Tue,31,0
GRM,Tue,32,0
GRM,Tue,33,0
GRM,Tue,34,0
GRM,Tue,35,0
GRM,Tue,36,0
GRM,Tue,37,0
GRM,Tue,38,0
GRM,Tue,39,0
GRM,Tue,40,0
GRM,Tue,41,0
GRM,Tue,42,0
GRM,Tue,43,0
GRM,Tue,44,0
GRM,Tue,45,0
GRM,Tue,46,0
GRM,Tue,47,0
GRM,Tue,48,0
GRM,Tue,49,0
GRM,Tue,50,0
GRM,Tue,51,0
GRM,Tue,52,0
GRM,Tue,53,0
GRM,Tue,54,0
GRM,Tue,55,0
GRM,Tue,56,0
GRM,Tue,57,0
GRM,Tue,58,0
GRM,Tue,59,0
GRM,Tue,60,0
GRM,Tue,61,0
GRM,Tue,62,0
GRM,Tue,63,0
GRM,Tue,64,0
GRM,Tue,65,0
GRM,Tue,66,0
GRM,Tue,67,0
GRM,Tue,68,0
GRM,Tue,69,0
GRM,Tue,70,0
GRM,Tue,71,0
GRM,Tue,72,0
GRM,Tue,73,0
GRM,Wed,0,0
GRM,Wed,1,0
GRM,Wed,2,0
GRM,Wed,3,0
GRM,Wed,4,0
GRM,Wed,5,0
GRM,Wed,6,0
GRM,Wed,7,0
GRM,Wed,8,0
GRM,Wed,9,0
GRM,Wed,10,0
GRM,Wed,11,0
GRM,Wed,12,0
GRM,Wed,13,0
GRM,Wed,14,0
GRM,Wed,15,0
GRM,Wed,16,0
GRM,Wed,17,0
GRM,Wed,18,0
GRM,Wed,19,0
GRM,Wed,20,0
GRM,Wed,21,0
GRM,Wed,22,0
GRM,Wed,23,0
GRM,Wed,24,0
GRM,Wed,25,0
GRM,Wed,26,0
GRM,Wed,27,0
GRM,Wed,28,0
GRM,Wed,29,0
GRM,Wed,30,0
GRM,Wed,31,0
GRM,Wed,32,0
GRM,Wed,33,0
GRM,Wed,34,0
GRM,Wed,35,0
GRM,Wed,36,0
GRM,Wed,37,0
GRM,Wed,38,0
GRM,Wed,39,0
GRM,Wed,40,0
GRM,Wed,41,0
GRM,Wed,42,0
GRM,Wed,43,0
GRM,Wed,44,0
GRM,Wed,45,0
GRM,Wed,46,0
GRM,Wed,47,0
GRM,Wed,48,0
GRM,Wed,49,0
GRM,Wed,50,0
GRM,Wed,51,0
GRM,Wed,52,0
GRM,Wed,53,0
GRM,Wed,54,0
GRM,Wed,55,0
GRM,Wed,56,0
GRM,Wed,57,0
GRM,Wed,58,0
GRM,Wed,59,0
GRM,Wed,60,0
GRM,Wed,61,0
GRM,Wed,62,0
GRM,Wed,63,0
GRM,Wed,64,0
GRM,Wed,65,0
GRM,Wed,66,0
GRM,Wed,67,0
GRM,Wed,68,0
GRM,Wed,69,0
GRM,Wed,70,0
GRM,Wed,71,0
GRM,Wed,72,0
GRM,Wed,73,0
GRM,Thu,0,0
GRM,Thu,1,0
GRM,Thu,2,0
GRM,Thu,3,0
GRM,Thu,4,0
GRM,Thu,5,0
GRM,Thu,6,0
GRM,Thu,7,0
GRM,Thu,8,0
GRM,Thu,9,0
GRM,Thu,10,0
GRM,Thu,11,0
GRM,Thu,12,0
GRM,Thu,13,0
GRM,Thu,14,0
GRM,Thu,15,0
GRM,Thu,16,0
GRM,Thu,17,0
GRM,Thu,18,0
GRM,Thu,19,0
GRM,Thu,20,0
GRM,Thu,21,0
GRM,Thu,22,0
GRM,Thu,23,0
GRM,Thu,24,0
GRM,Thu,25,0
GRM,Thu,26,0
GRM,Thu,27,0
GRM,Thu,28,0
GRM,Thu,29,0
GRM,Thu,30,0
GRM,Thu,31,0
GRM,Thu,32,0
GRM,Thu,33,0
GRM,Thu,34,0
GRM,Thu,35,0
GRM,Thu,36,0
GRM,Thu,37,0
GRM,Thu,38,0
GRM,Thu,39,0
GRM,Thu,40,0
GRM,Thu,41,0
GRM,Thu,42,0
GRM,Thu,43,0
GRM,Thu,44,0
GRM,Thu,45,0
GRM,Thu,46,0
GRM,Thu,47,0
GRM,Thu,48,0
GRM,Thu,49,0
GRM,Thu,50,0
GRM,Thu,51,0
GRM,Thu,52,0
GRM,Thu,53,0
GRM,Thu,54,0
GRM,Thu,55,0
GRM,Thu,56,0
GRM,Thu,57,0
GRM,Thu,58,0
GRM,Thu,59,0
GRM,Thu,60,0
GRM,Thu,61,0
GRM,Thu,62,0
GRM,Thu,63,0
GRM,Thu,64,0
GRM,Thu,65,0
GRM,Thu,66,0
GRM,Thu,67,0
GRM,Thu,68,0
GRM,Thu,69,0
GRM,Thu,70,0
GRM,Thu,71,0
GRM,Thu,72,0
GRM,Thu,73,0
GRM,Fri,0,0
GRM,Fri,1,0
GRM,Fri,2,0
GRM,Fri,3,0
GRM,Fri,4,0
GRM,Fri,5,0
GRM,Fri,6,0
GRM,Fri,7,0
GRM,Fri,8,0
GRM,Fri,9,0
GRM,Fri,10,0
GRM,Fri,11,0
GRM,Fri,12,0
GRM,Fri,13,0
GRM,Fri,14,0
GRM,Fri,15,0
GRM,Fri,16,0
GRM,Fri,17,0
GRM,Fri,18,0
GRM,Fri,19,0
GRM,Fri,20,0
GRM,Fri,21,0
GRM,Fri,22,0
GRM,Fri,23,0
GRM,Fri,24,0
GRM,Fri,25,0
GRM,Fri,26,0
GRM,Fri,27,0
GRM,Fri,28,0
GRM,Fri,29,0
GRM,Fri,30,0
GRM,Fri,31,0
GRM,Fri,32,0
GRM,Fri,33,0
GRM,Fri,34,0
GRM,Fri,35,0
GRM,Fri,36,0
GRM,Fri,37,0
GRM,Fri,38,0
GRM,Fri,39,0
GRM,Fri,40,0
GRM,Fri,41,0
GRM,Fri,42,0
GRM,Fri,43,0
GRM,Fri,44,0
GRM,Fri,45,0
GRM,Fri,46,0
GRM,Fri,47,0
GRM,Fri,48,0
GRM,Fri,49,0
GRM,Fri,50,0
GRM,Fri,51,0
GRM,Fri,52,0
GRM,Fri,53,0
GRM,Fri,54,0
GRM,Fri,55,0
GRM,Fri,56,0
GRM,Fri,57,0
GRM,Fri,58,0
GRM,Fri,59,0
GRM,Fri,60,0
GRM,Fri,61,0
GRM,Fri,62,0
GRM,Fri,63,0
GRM,Fri,64,0
GRM,Fri,65,0
GRM,Fri,66,0
GRM,Fri,67,0
GRM,Fri,68,0
GRM,Fri,69,0
GRM,Fri,70,0
GRM,Fri,71,0
GRM,Fri,72,0
GRM,Fri,73,0
GRM,Sat,0,0
GRM,Sat,1,0
GRM,Sat,2,0
GRM,Sat,3,0
GRM,Sat,4,0
GRM,Sat,5,0
GRM,Sat,6,0
GRM,Sat,7,0
GRM,Sat,8,0
GRM,Sat,9,0
GRM,Sat,10,0
GRM,Sat,11,0
GRM,Sat,12,0
GRM,Sat,13,0
GRM,Sat,14,0
GRM,Sat,15,0
GRM,Sat,16,0
GRM,Sat,17,0
GRM,Sat,18,0
GRM,Sat,19,0
GRM,Sat,20,0
GRM,Sat,21,0
GRM,Sat,22,0
GRM,Sat,23,0
GRM,Sat,24,0
GRM,Sat,25,0
GRM,Sat,26,0
GRM,Sat,27,0
GRM,Sat,28,0
GRM,Sat,29,0
GRM,Sat,30,0
GRM,Sat,31,0
GRM,Sat,32,0
GRM,Sat,33,0
GRM,Sat,34,0
GRM,Sat,35,0
GRM,Sat,36,0
GRM,Sat,37,0
GRM,Sat,38,0
GRM,Sat,39,0
GRM,Sat,40,0
GRM,Sat,41,0
GRM,Sat,42,0
GRM,Sat,43,0
GRM,Sat,44,0
GRM,Sat,45,0
GRM,Sat,46,0
GRM,Sat,47,0
GRM,Sat,48,0
GRM,Sat,49,0
GRM,Sat,50,0
GRM,Sat,51,0
GRM,Sat,52,0
GRM,Sat,53,0
GRM,Sat,54,0
GRM,Sat,55,0
GRM,Sat,56,0
GRM,Sat,57,0
GRM,Sat,58,0
GRM,Sat,59,0
GRM,Sat,60,0
GRM,Sat,61,0
GRM,Sat,62,0
GRM,Sat,63,0
GRM,Sat,64,0
GRM,Sat,65,0
GRM,Sat,66,0
GRM,Sat,67,0
GRM,Sat,68,0
GRM,Sat,69,0
GRM,Sat,70,0
GRM,Sat,71,0
GRM,Sat,72,0
GRM,Sat,73,0
HKG,Sun,0,0
HKG,Sun,1,0
HKG,Sun,2,0
HKG,Sun,3,0
HKG,Sun,4,0
HKG,Sun,5,0
HKG,Sun,6,0
HKG,Sun,7,0
HKG,Sun,8,0
HKG,Sun,9,0
HKG,Sun,10,0
HKG,Sun,11,0
HKG,Sun,12,0
HKG,Sun,13,0
HKG,Sun,14,0
HKG,Sun,15,0
HKG,Sun,16,0
HKG,Sun,17,0
HKG,Sun,18,0
HKG,Sun,19,0
HKG,Sun,20,0
HKG,Sun,21,0
HKG,Sun,22,0
HKG,Sun,23,0
HKG,Sun,24,0
HKG,Sun,25,0
HKG,Sun,26,0
HKG,Sun,27,0
HKG,Sun,28,0
HKG,Sun,29,0
HKG,Sun,30,0
HKG,Sun,31,0
HKG,Sun,32,0
HKG,Sun,33,0
HKG,Sun,34,0
HKG,Sun,35,0
HKG,Sun,36,0
HKG,Sun,37,0
HKG,Sun,38,0
HKG,Sun,39,0
HKG,Sun,40,0
HKG,Sun,41,0
HKG,Sun,42,0
HKG,Sun,43,0
HKG,Sun,44,0
HKG,Sun,45,0
HKG,Sun,46,0
HKG,Sun,47,0
HKG,Sun,48,0
HKG,Sun,49,0
HKG,Sun,50,0
HKG,Sun,51,0
HKG,Sun,52,0
HKG,Sun,53,0
HKG,Sun,54,0
HKG,Sun,55,0
HKG,Sun,56,0
HKG,Sun,57,0
HKG,Sun,58,0
HKG,Sun,59,0
HKG,Sun,60,0
HKG,Sun,61,0
HKG,Sun,62,0
HKG,Sun,63,0
HKG,Sun,64,0
HKG,Sun,65,0
HKG,Sun,66,0
HKG,Sun,67,0
HKG,Sun,68,0
HKG,Sun,69,0
HKG,Sun,70,0
HKG,Sun,71,0
HKG,Sun,72,0
HKG,Sun,73,0
HKG,Mon,0,0
HKG,Mon,1,0
HKG,Mon,2,0
HKG,Mon,3,0
HKG,Mon,4,0
HKG,Mon,5,0
HKG,Mon,6,0
HKG,Mon,7,0
HKG,Mon,8,0
HKG,Mon,9,0
HKG,Mon,10,0
HKG,Mon,11,0
HKG,Mon,12,0
HKG,Mon,13,0
HKG,Mon,14,0
HKG,Mon,15,0
HKG,Mon,16,0
HKG,Mon,17,0
HKG,Mon,18,0
HKG,Mon,19,0
HKG,Mon,20,0
HKG,Mon,21,0
HKG,Mon,22,0
HKG,Mon,23,0
HKG,Mon,24,0
HKG,Mon,25,0
HKG,Mon,26,0
HKG,Mon,27,0
HKG,Mon,28,0
HKG,Mon,29,0
HKG,Mon,30,0
HKG,Mon,31,0
HKG,Mon,32,0
HKG,Mon,33,0
HKG,Mon,34,0
HKG,Mon,35,0
HKG,Mon,36,0
HKG,Mon,37,0
HKG,Mon,38,0
HKG,Mon,39,0
HKG,Mon,40,0
HKG,Mon,41,0
HKG,Mon,42,0
HKG,Mon,43,0
HKG,Mon,44,0
HKG,Mon,45,0
HKG,Mon,46,0
HKG,Mon,47,0
HKG,Mon,48,0
HKG,Mon,49,0
HKG,Mon,50,0
HKG,Mon,51,0
HKG,Mon,52,0
HKG,Mon,53,0
HKG,Mon,54,0
HKG,Mon,55,0
HKG,Mon,56,0
HKG,Mon,57,0
HKG,Mon,58,0
HKG,Mon,59,0
HKG,Mon,60,0
HKG,Mon,61,0
HKG,Mon,62,0
HKG,Mon,63,0
HKG,Mon,64,0
HKG,Mon,65,0
HKG,Mon,66,0
HKG,Mon,67,0
HKG,Mon,68,0
HKG,Mon,69,0
HKG,Mon,70,0
HKG,Mon,71,0
HKG,Mon,72,0
HKG,Mon,73,0
HKG,Tue,0,0
HKG,Tue,1,0
HKG,Tue,2,0
HKG,Tue,3,0
HKG,Tue,4,0
HKG,Tue,5,0
HKG,Tue,6,0
HKG,Tue,7,0
HKG,Tue,8,0
HKG,Tue,9,0
HKG,Tue,10,0
HKG,Tue,11,0
HKG,Tue,12,0
HKG,Tue,13,0
HKG,Tue,14,0
HKG,Tue,15,0
HKG,Tue,16,0
HKG,Tue,17,0
HKG,Tue,18,0
HKG,Tue,19,0
HKG,Tue,20,0
HKG,Tue,21,0
HKG,Tue,22,0
HKG,Tue,23,0
HKG,Tue,24,0
HKG,Tue,25,0
HKG,Tue,26,0
HKG,Tue,27,0
HKG,Tue,28,0
HKG,Tue,29,0
HKG,Tue,30,0
HKG,Tue,31,0
HKG,Tue,32,0
HKG,Tue,33,0
HKG,Tue,34,0
HKG,Tue,35,0
HKG,Tue,36,0
HKG,Tue,37,0
HKG,Tue,38,0
HKG,Tue,39,0
HKG,Tue,40,0
HKG,Tue,41,0
HKG,Tue,42,0
HKG,Tue,43,0
HKG,Tue,44,0
HKG,Tue,45,0
HKG,Tue,46,0
HKG,Tue,47,0
HKG,Tue,48,0
HKG,Tue,49,0
HKG,Tue,50,0
HKG,Tue,51,0
HKG,Tue,52,0
HKG,Tue,53,0
HKG,Tue,54,0
HKG,Tue,55,0
HKG,Tue,56,0
HKG,Tue,57,0
HKG,Tue,58,0
HKG,Tue,59,0
HKG,Tue,60,0
HKG,Tue,61,0
HKG,Tue,62,0
HKG,Tue,63,0
HKG,Tue,64,0
HKG,Tue,65,0
HKG,Tue,66,0
HKG,Tue,67,0
HKG,Tue,68,0
HKG,Tue,69,0
HKG,Tue,70,0
HKG,Tue,71,0
HKG,Tue,72,0
HKG,Tue,73,0
HKG,Wed,0,0
HKG,Wed,1,0
HKG,Wed,2,0
HKG,Wed,3,0
HKG,Wed,4,0
HKG,Wed,5,0
HKG,Wed,6,0
HKG,Wed,7,0
HKG,Wed,8,0
HKG,Wed,9,0
HKG,Wed,10,0
HKG,Wed,11,0
HKG,Wed,12,0
HKG,Wed,13,0
HKG,Wed,14,0
HKG,Wed,15,0
HKG,Wed,16,0
HKG,Wed,17,0
HKG,Wed,18,0
HKG,Wed,19,0
HKG,Wed,20,0
HKG,Wed,21,0
HKG,Wed,22,0
HKG,Wed,23,0
HKG,Wed,24,0
HKG,Wed,25,0
HKG,Wed,26,0
HKG,Wed,27,0
HKG,Wed,28,0
HKG,Wed,29,0
HKG,Wed,30,0
HKG,Wed,31,0
HKG,Wed,32,0
HKG,Wed,33,0
HKG,Wed,34,0
HKG,Wed,35,0
HKG,Wed,36,0
HKG,Wed,37,0
HKG,Wed,38,0
HKG,Wed,39,0
HKG,Wed,40,0
HKG,Wed,41,0
HKG,Wed,42,0
HKG,Wed,43,0
HKG,Wed,44,0
HKG,Wed,45,0
HKG,Wed,46,0
HKG,Wed,47,0
HKG,Wed,48,0
HKG,Wed,49,0
HKG,Wed,50,0
HKG,Wed,51,0
HKG,Wed,52,0
HKG,Wed,53,0
HKG,Wed,54,0
HKG,Wed,55,0
HKG,Wed,56,0
HKG,Wed,57,0
HKG,Wed,58,0
HKG,Wed,59,0
HKG,Wed,60,0
HKG,Wed,61,0
HKG,Wed,62,0
HKG,Wed,63,0
HKG,Wed,64,0
HKG,Wed,65,0
HKG,Wed,66,0
HKG,Wed,67,0
HKG,Wed,68,0
HKG,Wed,69,0
HKG,Wed,70,0
HKG,Wed,71,0
HKG,Wed,72,0
HKG,Wed,73,0
HKG,Thu,0,0
HKG,Thu,1,0
HKG,Thu,2,0
HKG,Thu,3,0
HKG,Thu,4,0
HKG,Thu,5,0
HKG,Thu,6,0
HKG,Thu,7,0
HKG,Thu,8,0
HKG,Thu,9,0
HKG,Thu,10,0
HKG,Thu,11,0
HKG,Thu,12,0
HKG,Thu,13,0
HKG,Thu,14,0
HKG,Thu,15,0
HKG,Thu,16,0
HKG,Thu,17,0
HKG,Thu,18,0
HKG,Thu,19,0
HKG,Thu,20,0
HKG,Thu,21,0
HKG,Thu,22,0
HKG,Thu,23,0
HKG,Thu,24,0
HKG,Thu,25,0
HKG,Thu,26,0
HKG,Thu,27,0
HKG,Thu,28,0
HKG,Thu,29,0
HKG,Thu,30,0
HKG,Thu,31,0
HKG,Thu,32,0
HKG,Thu,33,0
HKG,Thu,34,0
HKG,Thu,35,0
HKG,Thu,36,0
HKG,Thu,37,0
HKG,Thu,38,0
HKG,Thu,39,0
HKG,Thu,40,0
HKG,Thu,41,0
HKG,Thu,42,0
HKG,Thu,43,0
HKG,Thu,44,0
HKG,Thu,45,0
HKG,Thu,46,0
HKG,Thu,47,0
HKG,Thu,48,0
HKG,Thu,49,0
HKG,Thu,50,0
HKG,Thu,51,0
HKG,Thu,52,0
HKG,Thu,53,0
HKG,Thu,54,0
HKG,Thu,55,0
HKG,Thu,56,0
HKG,Thu,57,0
HKG,Thu,58,0
HKG,Thu,59,0
HKG,Thu,60,0
HKG,Thu,61,0
HKG,Thu,62,0
HKG,Thu,63,0
HKG,Thu,64,0
HKG,Thu,65,0
HKG,Thu,66,0
HKG,Thu,67,0
HKG,Thu,68,0
HKG,Thu,69,0
HKG,Thu,70,0
HKG,Thu,71,0
HKG,Thu,72,0
HKG,Thu,73,0
HKG,Fri,0,0
HKG,Fri,1,0
HKG,Fri,2,0
HKG,Fri,3,0
HKG,Fri,4,0
HKG,Fri,5,0
HKG,Fri,6,0
HKG,Fri,7,0
HKG,Fri,8,0
HKG,Fri,9,0
HKG,Fri,10,0
HKG,Fri,11,0
HKG,Fri,12,0
HKG,Fri,13,0
HKG,Fri,14,0
HKG,Fri,15,0
HKG,Fri,16,0
HKG,Fri,17,0
HKG,Fri,18,0
HKG,Fri,19,0
HKG,Fri,20,0
HKG,Fri,21,0
HKG,Fri,22,0
HKG,Fri,23,0
HKG,Fri,24,0
HKG,Fri,25,0
HKG,Fri,26,0
HKG,Fri,27,0
HKG,Fri,28,0
HKG,Fri,29,0
HKG,Fri,30,0
HKG,Fri,31,0
HKG,Fri,32,0
HKG,Fri,33,0
HKG,Fri,34,0
HKG,Fri,35,0
HKG,Fri,36,0
HKG,Fri,37,0
HKG,Fri,38,0
HKG,Fri,39,0
HKG,Fri,40,0
HKG,Fri,41,0
HKG,Fri,42,0
HKG,Fri,43,0
HKG,Fri,44,0
HKG,Fri,45,0
HKG,Fri,46,0
HKG,Fri,47,0
HKG,Fri,48,0
HKG,Fri,49,0
HKG,Fri,50,0
HKG,Fri,51,0
HKG,Fri,52,0
HKG,Fri,53,0
HKG,Fri,54,0
HKG,Fri,55,0
HKG,Fri,56,0
HKG,Fri,57,0
HKG,Fri,58,0
HKG,Fri,59,0
HKG,Fri,60,0
HKG,Fri,61,0
HKG,Fri,62,0
HKG,Fri,63,0
HKG,Fri,64,0
HKG,Fri,65,0
HKG,Fri,66,0
HKG,Fri,67,0
HKG,Fri,68,0
HKG,Fri,69,0
HKG,Fri,70,0
HKG,Fri,71,0
HKG,Fri,72,0
HKG,Fri,73,0
HKG,Sat,0,0
HKG,Sat,1,0
HKG,Sat,2,0
HKG,Sat,3,0
HKG,Sat,4,0
HKG,Sat,5,0
HKG,Sat,6,0
HKG,Sat,7,0
HKG,Sat,8,0
HKG,Sat,9,0
HKG,Sat,10,0
HKG,Sat,11,0
HKG,Sat,12,0
HKG,Sat,13,0
HKG,Sat,14,0
HKG,Sat,15,0
HKG,Sat,16,0
HKG,Sat,17,0
HKG,Sat,18,0
HKG,Sat,19,0
HKG,Sat,20,0
HKG,Sat,21,0
HKG,Sat,22,0
HKG,Sat,23,0
HKG,Sat,24,0
HKG,Sat,25,0
HKG,Sat,26,0
HKG,Sat,27,0
HKG,Sat,28,0
HKG,Sat,29,0
HKG,Sat,30,0
HKG,Sat,31,0
HKG,Sat,32,0
HKG,Sat,33,0
HKG,Sat,34,0
HKG,Sat,35,0
HKG,Sat,36,0
HKG,Sat,37,0
HKG,Sat,38,0
HKG,Sat,39,0
HKG,Sat,40,0
HKG,Sat,41,0
HKG,Sat,42,0
HKG,Sat,43,0
HKG,Sat,44,0
HKG,Sat,45,0
HKG,Sat,46,0
HKG,Sat,47,0
HKG,Sat,48,0
HKG,Sat,49,0
HKG,Sat,50,0
HKG,Sat,51,0
HKG,Sat,52,0
HKG,Sat,53,0
HKG,Sat,54,0
HKG,Sat,55,0
HKG,Sat,56,0
HKG,Sat,57,0
HKG,Sat,58,0
HKG,Sat,59,0
HKG,Sat,60,0
HKG,Sat,61,0
HKG,Sat,62,0
HKG,Sat,63,0
HKG,Sat,64,0
HKG,Sat,65,0
HKG,Sat,66,0
HKG,Sat,67,0
HKG,Sat,68,0
HKG,Sat,69,0
HKG,Sat,70,0
HKG,Sat,71,0
HKG,Sat,72,0
HKG,Sat,73,0
IND,Sun,0,0
IND,Sun,1,0
IND,Sun,2,0
IND,Sun,3,0
IND,Sun,4,0
IND,Sun,5,0
IND,Sun,6,0
IND,Sun,7,0
IND,Sun,8,0
IND,Sun,9,0
IND,Sun,10,0
IND,Sun,11,0
IND,Sun,12,0
IND,Sun,13,0
IND,Sun,14,0
IND,Sun,15,0
IND,Sun,16,0
IND,Sun,17,0
IND,Sun,18,0
IND,Sun,19,0
IND,Sun,20,0
IND,Sun,21,0
IND,Sun,22,0
IND,Sun,23,0
IND,Sun,24,0
IND,Sun,25,0
IND,Sun,26,0
IND,Sun,27,0
IND,Sun,28,0
IND,Sun,29,0
IND,Sun,30,0
IND,Sun,31,0
IND,Sun,32,0
IND,Sun,33,0
IND,Sun,34,0
IND,Sun,35,0
IND,Sun,36,0
IND,Sun,37,0
IND,Sun,38,0
IND,Sun,39,0
IND,Sun,40,0
IND,Sun,41,0
IND,Sun,42,0
IND,Sun,43,0
IND,Sun,44,0
IND,Sun,45,0
IND,Sun,46,0
IND,Sun,47,0
IND,Sun,48,0
IND,Sun,49,0
IND,Sun,50,0
IND,Sun,51,0
IND,Sun,52,0
IND,Sun,53,0
IND,Sun,54,0
IND,Sun,55,0
IND,Sun,56,0
IND,Sun,57,0
IND,Sun,58,0
IND,Sun,59,0
IND,Sun,60,0
IND,Sun,61,0
IND,Sun,62,0
IND,Sun,63,0
IND,Sun,64,0
IND,Sun,65,0
IND,Sun,66,0
IND,Sun,67,0
IND,Sun,68,0
IND,Sun,69,0
IND,Sun,70,0
IND,Sun,71,0
IND,Sun,72,0
IND,Sun,73,0
IND,Mon,0,0
IND,Mon,1,0
IND,Mon,2,0
IND,Mon,3,0
IND,Mon,4,0
IND,Mon,5,0
IND,Mon,6,0
IND,Mon,7,0
IND,Mon,8,0
IND,Mon,9,0
IND,Mon,10,0
IND,Mon,11,0
IND,Mon,12,0
IND,Mon,13,0
IND,Mon,14,0
IND,Mon,15,0
IND,Mon,16,0
IND,Mon,17,0
IND,Mon,18,0
IND,Mon,19,0
IND,Mon,20,0
IND,Mon,21,0
IND,Mon,22,0
IND,Mon,23,0
IND,Mon,24,0
IND,Mon,25,0
IND,Mon,26,0
IND,Mon,27,0
IND,Mon,28,0
IND,Mon,29,0
IND,Mon,30,0
IND,Mon,31,0
IND,Mon,32,0
IND,Mon,33,0
IND,Mon,34,0
IND,Mon,35,0
IND,Mon,36,0
IND,Mon,37,0
IND,Mon,38,0
IND,Mon,39,0
IND,Mon,40,0
IND,Mon,41,0
IND,Mon,42,0
IND,Mon,43,0
IND,Mon,44,0
IND,Mon,45,0
IND,Mon,46,0
IND,Mon,47,0
IND,Mon,48,0
IND,Mon,49,0
IND,Mon,50,0
IND,Mon,51,0
IND,Mon,52,0
IND,Mon,53,0
IND,Mon,54,0
IND,Mon,55,0
IND,Mon,56,0
IND,Mon,57,0
IND,Mon,58,0
IND,Mon,59,0
IND,Mon,60,0
IND,Mon,61,0
IND,Mon,62,0
IND,Mon,63,0
IND,Mon,64,0
IND,Mon,65,0
IND,Mon,66,0
IND,Mon,67,0
IND,Mon,68,0
IND,Mon,69,0
IND,Mon,70,0
IND,Mon,71,0
IND,Mon,72,0
IND,Mon,73,0
IND,Tue,0,0
IND,Tue,1,0
IND,Tue,2,0
IND,Tue,3,0
IND,Tue,4,0
IND,Tue,5,0
IND,Tue,6,0
IND,Tue,7,0
IND,Tue,8,0
IND,Tue,9,0
IND,Tue,10,0
IND,Tue,11,0
IND,Tue,12,0
IND,Tue,13,0
IND,Tue,14,0
IND,Tue,15,0
IND,Tue,16,0
IND,Tue,17,0
IND,Tue,18,0
IND,Tue,19,0
IND,Tue,20,0
IND,Tue,21,0
IND,Tue,22,0
IND,Tue,23,0
IND,Tue,24,0
IND,Tue,25,0
IND,Tue,26,0
IND,Tue,27,0
IND,Tue,28,0
IND,Tue,29,0
IND,Tue,30,0
IND,Tue,31,0
IND,Tue,32,0
IND,Tue,33,0
IND,Tue,34,0
IND,Tue,35,0
IND,Tue,36,0
IND,Tue,37,0
IND,Tue,38,0
IND,Tue,39,0
IND,Tue,40,0
IND,Tue,41,0
IND,Tue,42,0
IND,Tue,43,0
IND,Tue,44,0
IND,Tue,45,0
IND,Tue,46,0
IND,Tue,47,0
IND,Tue,48,0
IND,Tue,49,0
IND,Tue,50,0
IND,Tue,51,0
IND,Tue,52,0
IND,Tue,53,0
IND,Tue,54,0
IND,Tue,55,0
IND,Tue,56,0
IND,Tue,57,0
IND,Tue,58,0
IND,Tue,59,0
IND,Tue,60,0
IND,Tue,61,0
IND,Tue,62,0
IND,Tue,63,0
IND,Tue,64,0
IND,Tue,65,0
IND,Tue,66,0
IND,Tue,67,0
IND,Tue,68,0
IND,Tue,69,0
IND,Tue,70,0
IND,Tue,71,0
IND,Tue,72,0
IND,Tue,73,0
IND,Wed,0,0
IND,Wed,1,0
IND,Wed,2,0
IND,Wed,3,0
IND,Wed,4,0
IND,Wed,5,0
IND,Wed,6,0
IND,Wed,7,0
IND,Wed,8,0
IND,Wed,9,0
IND,Wed,10,0
IND,Wed,11,0
IND,Wed,12,0
IND,Wed,13,0
IND,Wed,14,0
IND,Wed,15,0
IND,Wed,16,0
IND,Wed,17,0
IND,Wed,18,0
IND,Wed,19,0
IND,Wed,20,0
IND,Wed,21,0
IND,Wed,22,0
IND,Wed,23,0
IND,Wed,24,0
IND,Wed,25,0
IND,Wed,26,0
IND,Wed,27,0
IND,Wed,28,0
IND,Wed,29,0
IND,Wed,30,0
IND,Wed,31,0
IND,Wed,32,0
IND,Wed,33,0
IND,Wed,34,0
IND,Wed,35,0
IND,Wed,36,0
IND,Wed,37,0
IND,Wed,38,0
IND,Wed,39,0
IND,Wed,40,0
IND,Wed,41,0
IND,Wed,42,0
IND,Wed,43,0
IND,Wed,44,0
IND,Wed,45,0
IND,Wed,46,0
IND,Wed,47,0
IND,Wed,48,0
IND,Wed,49,0
IND,Wed,50,0
IND,Wed,51,0
IND,Wed,52,0
IND,Wed,53,0
IND,Wed,54,0
IND,Wed,55,0
IND,Wed,56,0
IND,Wed,57,0
IND,Wed,58,0
IND,Wed,59,0
IND,Wed,60,0
IND,Wed,61,0
IND,Wed,62,0
IND,Wed,63,0
IND,Wed,64,0
IND,Wed,65,0
IND,Wed,66,0
IND,Wed,67,0
IND,Wed,68,0
IND,Wed,69,0
IND,Wed,70,0
IND,Wed,71,0
IND,Wed,72,0
IND,Wed,73,0
IND,Thu,0,0
IND,Thu,1,0
IND,Thu,2,0
IND,Thu,3,0
IND,Thu,4,0
IND,Thu,5,0
IND,Thu,6,0
IND,Thu,7,0
IND,Thu,8,0
IND,Thu,9,0
IND,Thu,10,0
IND,Thu,11,0
IND,Thu,12,0
IND,Thu,13,0
IND,Thu,14,0
IND,Thu,15,0
IND,Thu,16,0
IND,Thu,17,0
IND,Thu,18,0
IND,Thu,19,0
IND,Thu,20,0
IND,Thu,21,0
IND,Thu,22,0
IND,Thu,23,0
IND,Thu,24,0
IND,Thu,25,0
IND,Thu,26,0
IND,Thu,27,0
IND,Thu,28,0
IND,Thu,29,0
IND,Thu,30,0
IND,Thu,31,0
IND,Thu,32,0
IND,Thu,33,0
IND,Thu,34,0
IND,Thu,35,0
IND,Thu,36,0
IND,Thu,37,0
IND,Thu,38,0
IND,Thu,39,0
IND,Thu,40,0
IND,Thu,41,0
IND,Thu,42,0
IND,Thu,43,0
IND,Thu,44,0
IND,Thu,45,0
IND,Thu,46,0
IND,Thu,47,0
IND,Thu,48,0
IND,Thu,49,0
IND,Thu,50,0
IND,Thu,51,0
IND,Thu,52,0
IND,Thu,53,0
IND,Thu,54,0
IND,Thu,55,0
IND,Thu,56,0
IND,Thu,57,0
IND,Thu,58,0
IND,Thu,59,0
IND,Thu,60,0
IND,Thu,61,0
IND,Thu,62,0
IND,Thu,63,0
IND,Thu,64,0
IND,Thu,65,0
IND,Thu,66,0
IND,Thu,67,0
IND,Thu,68,0
IND,Thu,69,0
IND,Thu,70,0
IND,Thu,71,0
IND,Thu,72,0
IND,Thu,73,0
IND,Fri,0,0
IND,Fri,1,0
IND,Fri,2,0
IND,Fri,3,0
IND,Fri,4,0
IND,Fri,5,0
IND,Fri,6,0
IND,Fri,7,0
IND,Fri,8,0
IND,Fri,9,0
IND,Fri,10,0
IND,Fri,11,0
IND,Fri,12,0
IND,Fri,13,0
IND,Fri,14,0
IND,Fri,15,0
IND,Fri,16,0
IND,Fri,17,0
IND,Fri,18,0
IND,Fri,19,0
IND,Fri,20,0
IND,Fri,21,0
IND,Fri,22,0
IND,Fri,23,0
IND,Fri,24,0
IND,Fri,25,0
IND,Fri,26,0
IND,Fri,27,0
IND,Fri,28,0
IND,Fri,29,0
IND,Fri,30,0
IND,Fri,31,0
IND,Fri,32,0
IND,Fri,33,0
IND,Fri,34,0
IND,Fri,35,0
IND,Fri,36,0
IND,Fri,37,0
IND,Fri,38,0
IND,Fri,39,0
IND,Fri,40,0
IND,Fri,41,0
IND,Fri,42,0
IND,Fri,43,0
IND,Fri,44,0
IND,Fri,45,0
IND,Fri,46,0
IND,Fri,47,0
IND,Fri,48,0
IND,Fri,49,0
IND,Fri,50,0
IND,Fri,51,0
IND,Fri,52,0
IND,Fri,53,0
IND,Fri,54,0
IND,Fri,55,0
IND,Fri,56,0
IND,Fri,57,0
IND,Fri,58,0
IND,Fri,59,0
IND,Fri,60,0
IND,Fri,61,0
IND,Fri,62,0
IND,Fri,63,0
IND,Fri,64,0
IND,Fri,65,0
IND,Fri,66,0
IND,Fri,67,0
IND,Fri,68,0
IND,Fri,69,0
IND,Fri,70,0
IND,Fri,71,0
IND,Fri,72,0
IND,Fri,73,0
IND,Sat,0,0
IND,Sat,1,0
IND,Sat,2,0
IND,Sat,3,0
IND,Sat,4,0
IND,Sat,5,0
IND,Sat,6,0
IND,Sat,7,0
IND,Sat,8,0
IND,Sat,9,0
IND,Sat,10,0
IND,Sat,11,0
IND,Sat,12,0
IND,Sat,13,0
IND,Sat,14,0
IND,Sat,15,0
IND,Sat,16,0
IND,Sat,17,0
IND,Sat,18,0
IND,Sat,19,0
IND,Sat,20,0
IND,Sat,21,0
IND,Sat,22,0
IND,Sat,23,0
IND,Sat,24,0
IND,Sat,25,0
IND,Sat,26,0
IND,Sat,27,0
IND,Sat,28,0
IND,Sat,29,0
IND,Sat,30,0
IND,Sat,31,0
IND,Sat,32,0
IND,Sat,33,0
IND,Sat,34,0
IND,Sat,35,0
IND,Sat,36,0
IND,Sat,37,0
IND,Sat,38,0
IND,Sat,39,0
IND,Sat,40,0
IND,Sat,41,0
IND,Sat,42,0
IND,Sat,43,0
IND,Sat,44,0
IND,Sat,45,0
IND,Sat,46,0
IND,Sat,47,0
IND,Sat,48,0
IND,Sat,49,0
IND,Sat,50,0
IND,Sat,51,0
IND,Sat,52,0
IND,Sat,53,0
IND,Sat,54,0
IND,Sat,55,0
IND,Sat,56,0
IND,Sat,57,0
IND,Sat,58,0
IND,Sat,59,0
IND,Sat,60,0
IND,Sat,61,0
IND,Sat,62,0
IND,Sat,63,0
IND,Sat,64,0
IND,Sat,65,0
IND,Sat,66,0
IND,Sat,67,0
IND,Sat,68,0
IND,Sat,69,0
IND,Sat,70,0
IND,Sat,71,0
IND,Sat,72,0
IND,Sat,73,0
JKT,Sun,0,0
JKT,Sun,1,0
JKT,Sun,2,0
JKT,Sun,3,0
JKT,Sun,4,0
JKT,Sun,5,0
JKT,Sun,6,0
JKT,Sun,7,0
JKT,Sun,8,0
JKT,Sun,9,0
JKT,Sun,10,0
JKT,Sun,11,0
JKT,Sun,12,0
JKT,Sun,13,0
JKT,Sun,14,0
JKT,Sun,15,0
JKT,Sun,16,0
JKT,Sun,17,0
JKT,Sun,18,0
JKT,Sun,19,0
JKT,Sun,20,0
JKT,Sun,21,0
JKT,Sun,22,0
JKT,Sun,23,0
JKT,Sun,24,0
JKT,Sun,25,0
JKT,Sun,26,0
JKT,Sun,27,0
JKT,Sun,28,0
JKT,Sun,29,0
JKT,Sun,30,0
JKT,Sun,31,0
JKT,Sun,32,0
JKT,Sun,33,0
JKT,Sun,34,0
JKT,Sun,35,0
JKT,Sun,36,0
JKT,Sun,37,0
JKT,Sun,38,0
JKT,Sun,39,0
JKT,Sun,40,0
JKT,Sun,41,0
JKT,Sun,42,0
JKT,Sun,43,0
JKT,Sun,44,0
JKT,Sun,45,0
JKT,Sun,46,0
JKT,Sun,47,0
JKT,Sun,48,0
JKT,Sun,49,0
JKT,Sun,50,0
JKT,Sun,51,0
JKT,Sun,52,0
JKT,Sun,53,0
JKT,Sun,54,0
JKT,Sun,55,0
JKT,Sun,56,0
JKT,Sun,57,0
JKT,Sun,58,0
JKT,Sun,59,0
JKT,Sun,60,0
JKT,Sun,61,0
JKT,Sun,62,0
JKT,Sun,63,0
JKT,Sun,64,0
JKT,Sun,65,0
JKT,Sun,66,0
JKT,Sun,67,0
JKT,Sun,68,0
JKT,Sun,69,0
JKT,Sun,70,0
JKT,Sun,71,0
JKT,Sun,72,0
JKT,Sun,73,0
JKT,Mon,0,0
JKT,Mon,1,0
JKT,Mon,2,0
JKT,Mon,3,0
JKT,Mon,4,0
JKT,Mon,5,0
JKT,Mon,6,0
JKT,Mon,7,0
JKT,Mon,8,0
JKT,Mon,9,0
JKT,Mon,10,0
JKT,Mon,11,0
JKT,Mon,12,0
JKT,Mon,13,0
JKT,Mon,14,0
JKT,Mon,15,0
JKT,Mon,16,0
JKT,Mon,17,0
JKT,Mon,18,0
JKT,Mon,19,0
JKT,Mon,20,0
JKT,Mon,21,0
JKT,Mon,22,0
JKT,Mon,23,0
JKT,Mon,24,0
JKT,Mon,25,0
JKT,Mon,26,0
JKT,Mon,27,0
JKT,Mon,28,0
JKT,Mon,29,0
JKT,Mon,30,0
JKT,Mon,31,0
JKT,Mon,32,0
JKT,Mon,33,0
JKT,Mon,34,0
JKT,Mon,35,0
JKT,Mon,36,0
JKT,Mon,37,0
JKT,Mon,38,0
JKT,Mon,39,0
JKT,Mon,40,0
JKT,Mon,41,0
JKT,Mon,42,0
JKT,Mon,43,0
JKT,Mon,44,0
JKT,Mon,45,0
JKT,Mon,46,0
JKT,Mon,47,0
JKT,Mon,48,0
JKT,Mon,49,0
JKT,Mon,50,0
JKT,Mon,51,0
JKT,Mon,52,0
JKT,Mon,53,0
JKT,Mon,54,0
JKT,Mon,55,0
JKT,Mon,56,0
JKT,Mon,57,0
JKT,Mon,58,0
JKT,Mon,59,0
JKT,Mon,60,0
JKT,Mon,61,0
JKT,Mon,62,0
JKT,Mon,63,0
JKT,Mon,64,0
JKT,Mon,65,0
JKT,Mon,66,0
JKT,Mon,67,0
JKT,Mon,68,0
JKT,Mon,69,0
JKT,Mon,70,0
JKT,Mon,71,0
JKT,Mon,72,0
JKT,Mon,73,0
JKT,Tue,0,0
JKT,Tue,1,0
JKT,Tue,2,0
JKT,Tue,3,0
JKT,Tue,4,0
JKT,Tue,5,0
JKT,Tue,6,0
JKT,Tue,7,0
JKT,Tue,8,0
JKT,Tue,9,0
JKT,Tue,10,0
JKT,Tue,11,0
JKT,Tue,12,0
JKT,Tue,13,0
JKT,Tue,14,0
JKT,Tue,15,0
JKT,Tue,16,0
JKT,Tue,17,0
JKT,Tue,18,0
JKT,Tue,19,0
JKT,Tue,20,0
JKT,Tue,21,0
JKT,Tue,22,0
JKT,Tue,23,0
JKT,Tue,24,0
JKT,Tue,25,0
JKT,Tue,26,0
JKT,Tue,27,0
JKT,Tue,28,0
JKT,Tue,29,0
JKT,Tue,30,0
JKT,Tue,31,0
JKT,Tue,32,0
JKT,Tue,33,0
JKT,Tue,34,0
JKT,Tue,35,0
JKT,Tue,36,0
JKT,Tue,37,0
JKT,Tue,38,0
JKT,Tue,39,0
JKT,Tue,40,0
JKT,Tue,41,0
JKT,Tue,42,0
JKT,Tue,43,0
JKT,Tue,44,0
JKT,Tue,45,0
JKT,Tue,46,0
JKT,Tue,47,0
JKT,Tue,48,0
JKT,Tue,49,0
JKT,Tue,50,0
JKT,Tue,51,0
JKT,Tue,52,0
JKT,Tue,53,0
JKT,Tue,54,0
JKT,Tue,55,0
JKT,Tue,56,0
JKT,Tue,57,0
JKT,Tue,58,0
JKT,Tue,59,0
JKT,Tue,60,0
JKT,Tue,61,0
JKT,Tue,62,0
JKT,Tue,63,0
JKT,Tue,64,0
JKT,Tue,65,0
JKT,Tue,66,0
JKT,Tue,67,0
JKT,Tue,68,0
JKT,Tue,69,0
JKT,Tue,70,0
JKT,Tue,71,0
JKT,Tue,72,0
JKT,Tue,73,0
JKT,Wed,0,0
JKT,Wed,1,0
JKT,Wed,2,0
JKT,Wed,3,0
JKT,Wed,4,0
JKT,Wed,5,0
JKT,Wed,6,0
JKT,Wed,7,0
JKT,Wed,8,0
JKT,Wed,9,0
JKT,Wed,10,0
JKT,Wed,11,0
JKT,Wed,12,0
JKT,Wed,13,0
JKT,Wed,14,0
JKT,Wed,15,0
JKT,Wed,16,0
JKT,Wed,17,0
JKT,Wed,18,0
JKT,Wed,19,0
JKT,Wed,20,0
JKT,Wed,21,0
JKT,Wed,22,0
JKT,Wed,23,0
JKT,Wed,24,0
JKT,Wed,25,0
JKT,Wed,26,0
JKT,Wed,27,0
JKT,Wed,28,0
JKT,Wed,29,0
JKT,Wed,30,0
JKT,Wed,31,0
JKT,Wed,32,0
JKT,Wed,33,0
JKT,Wed,34,0
JKT,Wed,35,0
JKT,Wed,36,0
JKT,Wed,37,0
JKT,Wed,38,0
JKT,Wed,39,0
JKT,Wed,40,0
JKT,Wed,41,0
JKT,Wed,42,0
JKT,Wed,43,0
JKT,Wed,44,0
JKT,Wed,45,0
JKT,Wed,46,0
JKT,Wed,47,0
JKT,Wed,48,0
JKT,Wed,49,0
JKT,Wed,50,0
JKT,Wed,51,0
JKT,Wed,52,0
JKT,Wed,53,0
JKT,Wed,54,0
JKT,Wed,55,0
JKT,Wed,56,0
JKT,Wed,57,0
JKT,Wed,58,0
JKT,Wed,59,0
JKT,Wed,60,0
JKT,Wed,61,0
JKT,Wed,62,0
JKT,Wed,63,0
JKT,Wed,64,0
JKT,Wed,65,0
JKT,Wed,66,0
JKT,Wed,67,0
JKT,Wed,68,0
JKT,Wed,69,0
JKT,Wed,70,0
JKT,Wed,71,0
JKT,Wed,72,0
JKT,Wed,73,0
JKT,Thu,0,0
JKT,Thu,1,0
JKT,Thu,2,0
JKT,Thu,3,0
JKT,Thu,4,0
JKT,Thu,5,0
JKT,Thu,6,0
JKT,Thu,7,0
JKT,Thu,8,0
JKT,Thu,9,0
JKT,Thu,10,0
JKT,Thu,11,0
JKT,Thu,12,0
JKT,Thu,13,0
JKT,Thu,14,0
JKT,Thu,15,0
JKT,Thu,16,0
JKT,Thu,17,0
JKT,Thu,18,0
JKT,Thu,19,0
JKT,Thu,20,0
JKT,Thu,21,0
JKT,Thu,22,0
JKT,Thu,23,0
JKT,Thu,24,0
JKT,Thu,25,0
JKT,Thu,26,0
JKT,Thu,27,0
JKT,Thu,28,0
JKT,Thu,29,0
JKT,Thu,30,0
JKT,Thu,31,0
JKT,Thu,32,0
JKT,Thu,33,0
JKT,Thu,34,0
JKT,Thu,35,0
JKT,Thu,36,0
JKT,Thu,37,0
JKT,Thu,38,0
JKT,Thu,39,0
JKT,Thu,40,0
JKT,Thu,41,0
JKT,Thu,42,0
JKT,Thu,43,0
JKT,Thu,44,0
JKT,Thu,45,0
JKT,Thu,46,0
JKT,Thu,47,0
JKT,Thu,48,0
JKT,Thu,49,0
JKT,Thu,50,0
JKT,Thu,51,0
JKT,Thu,52,0
JKT,Thu,53,0
JKT,Thu,54,0
JKT,Thu,55,0
JKT,Thu,56,0
JKT,Thu,57,0
JKT,Thu,58,0
JKT,Thu,59,0
JKT,Thu,60,0
JKT,Thu,61,0
JKT,Thu,62,0
JKT,Thu,63,0
JKT,Thu,64,0
JKT,Thu,65,0
JKT,Thu,66,0
JKT,Thu,67,0
JKT,Thu,68,0
JKT,Thu,69,0
JKT,Thu,70,0
JKT,Thu,71,0
JKT,Thu,72,0
JKT,Thu,73,0
JKT,Fri,0,0
JKT,Fri,1,0
JKT,Fri,2,0
JKT,Fri,3,0
JKT,Fri,4,0
JKT,Fri,5,0
JKT,Fri,6,0
JKT,Fri,7,0
JKT,Fri,8,0
JKT,Fri,9,0
JKT,Fri,10,0
JKT,Fri,11,0
JKT,Fri,12,0
JKT,Fri,13,0
JKT,Fri,14,0
JKT,Fri,15,0
JKT,Fri,16,0
JKT,Fri,17,0
JKT,Fri,18,0
JKT,Fri,19,0
JKT,Fri,20,0
JKT,Fri,21,0
JKT,Fri,22,0
JKT,Fri,23,0
JKT,Fri,24,0
JKT,Fri,25,0
JKT,Fri,26,0
JKT,Fri,27,0
JKT,Fri,28,0
JKT,Fri,29,0
JKT,Fri,30,0
JKT,Fri,31,0
JKT,Fri,32,0
JKT,Fri,33,0
JKT,Fri,34,0
JKT,Fri,35,0
JKT,Fri,36,0
JKT,Fri,37,0
JKT,Fri,38,0
JKT,Fri,39,0
JKT,Fri,40,0
JKT,Fri,41,0
JKT,Fri,42,0
JKT,Fri,43,0
JKT,Fri,44,0
JKT,Fri,45,0
JKT,Fri,46,0
JKT,Fri,47,0
JKT,Fri,48,0
JKT,Fri,49,0
JKT,Fri,50,0
JKT,Fri,51,0
JKT,Fri,52,0
JKT,Fri,53,0
JKT,Fri,54,0
JKT,Fri,55,0
JKT,Fri,56,0
JKT,Fri,57,0
JKT,Fri,58,0
JKT,Fri,59,0
JKT,Fri,60,0
JKT,Fri,61,0
JKT,Fri,62,0
JKT,Fri,63,0
JKT,Fri,64,0
JKT,Fri,65,0
JKT,Fri,66,0
JKT,Fri,67,0
JKT,Fri,68,0
JKT,Fri,69,0
JKT,Fri,70,0
JKT,Fri,71,0
JKT,Fri,72,0
JKT,Fri,73,0
JKT,Sat,0,0
JKT,Sat,1,0
JKT,Sat,2,0
JKT,Sat,3,0
JKT,Sat,4,0
JKT,Sat,5,0
JKT,Sat,6,0
JKT,Sat,7,0
JKT,Sat,8,0
JKT,Sat,9,0
JKT,Sat,10,0
JKT,Sat,11,0
JKT,Sat,12,0
JKT,Sat,13,0
JKT,Sat,14,0
JKT,Sat,15,0
JKT,Sat,16,0
JKT,Sat,17,0
JKT,Sat,18,0
JKT,Sat,19,0
JKT,Sat,20,0
JKT,Sat,21,0
JKT,Sat,22,0
JKT,Sat,23,0
JKT,Sat,24,0
JKT,Sat,25,0
JKT,Sat,26,0
JKT,Sat,27,0
JKT,Sat,28,0
JKT,Sat,29,0
JKT,Sat,30,0
JKT,Sat,31,0
JKT,Sat,32,0
JKT,Sat,33,0
JKT,Sat,34,0
JKT,Sat,35,0
JKT,Sat,36,0
JKT,Sat,37,0
JKT,Sat,38,0
JKT,Sat,39,0
JKT,Sat,40,0
JKT,Sat,41,0
JKT,Sat,42,0
JKT,Sat,43,0
JKT,Sat,44,0
JKT,Sat,45,0
JKT,Sat,46,0
JKT,Sat,47,0
JKT,Sat,48,0
JKT,Sat,49,0
JKT,Sat,50,0
JKT,Sat,51,0
JKT,Sat,52,0
JKT,Sat,53,0
JKT,Sat,54,0
JKT,Sat,55,0
JKT,Sat,56,0
JKT,Sat,57,0
JKT,Sat,58,0
JKT,Sat,59,0
JKT,Sat,60,0
JKT,Sat,61,0
JKT,Sat,62,0
JKT,Sat,63,0
JKT,Sat,64,0
JKT,Sat,65,0
JKT,Sat,66,0
JKT,Sat,67,0
JKT,Sat,68,0
JKT,Sat,69,0
JKT,Sat,70,0
JKT,Sat,71,0
JKT,Sat,72,0
JKT,Sat,73,0
KOR,Sun,0,0
KOR,Sun,1,0
KOR,Sun,2,0
KOR,Sun,3,0
KOR,Sun,4,0
KOR,Sun,5,0
KOR,Sun,6,0
KOR,Sun,7,0
KOR,Sun,8,0
KOR,Sun,9,0
KOR,Sun,10,0
KOR,Sun,11,0
KOR,Sun,12,0
KOR,Sun,13,0
KOR,Sun,14,0
KOR,Sun,15,0
KOR,Sun,16,0
KOR,Sun,17,0
KOR,Sun,18,0
KOR,Sun,19,0
KOR,Sun,20,0
KOR,Sun,21,0
KOR,Sun,22,0
KOR,Sun,23,0
KOR,Sun,24,0
KOR,Sun,25,0
KOR,Sun,26,0
KOR,Sun,27,0
KOR,Sun,28,0
KOR,Sun,29,0
KOR,Sun,30,0
KOR,Sun,31,0
KOR,Sun,32,0
KOR,Sun,33,0
KOR,Sun,34,0
KOR,Sun,35,0
KOR,Sun,36,0
KOR,Sun,37,0
KOR,Sun,38,0
KOR,Sun,39,0
KOR,Sun,40,0
KOR,Sun,41,0
KOR,Sun,42,0
KOR,Sun,43,0
KOR,Sun,44,0
KOR,Sun,45,0
KOR,Sun,46,0
KOR,Sun,47,0
KOR,Sun,48,0
KOR,Sun,49,0
KOR,Sun,50,0
KOR,Sun,51,0
KOR,Sun,52,0
KOR,Sun,53,0
KOR,Sun,54,0
KOR,Sun,55,0
KOR,Sun,56,0
KOR,Sun,57,0
KOR,Sun,58,0
KOR,Sun,59,0
KOR,Sun,60,0
KOR,Sun,61,0
KOR,Sun,62,0
KOR,Sun,63,0
KOR,Sun,64,0
KOR,Sun,65,0
KOR,Sun,66,0
KOR,Sun,67,0
KOR,Sun,68,0
KOR,Sun,69,0
KOR,Sun,70,0
KOR,Sun,71,0
KOR,Sun,72,0
KOR,Sun,73,0
KOR,Mon,0,0
KOR,Mon,1,0
KOR,Mon,2,0
KOR,Mon,3,0
KOR,Mon,4,0
KOR,Mon,5,0
KOR,Mon,6,0
KOR,Mon,7,0
KOR,Mon,8,0
KOR,Mon,9,0
KOR,Mon,10,0
KOR,Mon,11,0
KOR,Mon,12,0
KOR,Mon,13,0
KOR,Mon,14,0
KOR,Mon,15,0
KOR,Mon,16,0
KOR,Mon,17,0
KOR,Mon,18,0
KOR,Mon,19,0
KOR,Mon,20,0
KOR,Mon,21,0
KOR,Mon,22,0
KOR,Mon,23,0
KOR,Mon,24,0
KOR,Mon,25,0
KOR,Mon,26,0
KOR,Mon,27,0
KOR,Mon,28,0
KOR,Mon,29,0
KOR,Mon,30,0
KOR,Mon,31,0
KOR,Mon,32,0
KOR,Mon,33,0
KOR,Mon,34,0
KOR,Mon,35,0
KOR,Mon,36,0
KOR,Mon,37,0
KOR,Mon,38,0
KOR,Mon,39,0
KOR,Mon,40,0
KOR,Mon,41,0
KOR,Mon,42,0
KOR,Mon,43,0
KOR,Mon,44,0
KOR,Mon,45,0
KOR,Mon,46,0
KOR,Mon,47,0
KOR,Mon,48,0
KOR,Mon,49,0
KOR,Mon,50,0
KOR,Mon,51,0
KOR,Mon,52,0
KOR,Mon,53,0
KOR,Mon,54,0
KOR,Mon,55,0
KOR,Mon,56,0
KOR,Mon,57,0
KOR,Mon,58,0
KOR,Mon,59,0
KOR,Mon,60,0
KOR,Mon,61,0
KOR,Mon,62,0
KOR,Mon,63,0
KOR,Mon,64,0
KOR,Mon,65,0
KOR,Mon,66,0
KOR,Mon,67,0
KOR,Mon,68,0
KOR,Mon,69,0
KOR,Mon,70,0
KOR,Mon,71,0
KOR,Mon,72,0
KOR,Mon,73,0
KOR,Tue,0,0
KOR,Tue,1,0
KOR,Tue,2,0
KOR,Tue,3,0
KOR,Tue,4,0
KOR,Tue,5,0
KOR,Tue,6,0
KOR,Tue,7,0
KOR,Tue,8,0
KOR,Tue,9,0
KOR,Tue,10,0
KOR,Tue,11,0
KOR,Tue,12,0
KOR,Tue,13,0
KOR,Tue,14,0
KOR,Tue,15,0
KOR,Tue,16,0
KOR,Tue,17,0
KOR,Tue,18,0
KOR,Tue,19,0
KOR,Tue,20,0
KOR,Tue,21,0
KOR,Tue,22,0
KOR,Tue,23,0
KOR,Tue,24,0
KOR,Tue,25,0
KOR,Tue,26,0
KOR,Tue,27,0
KOR,Tue,28,0
KOR,Tue,29,0
KOR,Tue,30,0
KOR,Tue,31,0
KOR,Tue,32,0
KOR,Tue,33,0
KOR,Tue,34,0
KOR,Tue,35,0
KOR,Tue,36,0
KOR,Tue,37,0
KOR,Tue,38,0
KOR,Tue,39,0
KOR,Tue,40,0
KOR,Tue,41,0
KOR,Tue,42,0
KOR,Tue,43,0
KOR,Tue,44,0
KOR,Tue,45,0
KOR,Tue,46,0
KOR,Tue,47,0
KOR,Tue,48,0
KOR,Tue,49,0
KOR,Tue,50,0
KOR,Tue,51,0
KOR,Tue,52,0
KOR,Tue,53,0
KOR,Tue,54,0
KOR,Tue,55,0
KOR,Tue,56,0
KOR,Tue,57,0
KOR,Tue,58,0
KOR,Tue,59,0
KOR,Tue,60,0
KOR,Tue,61,0
KOR,Tue,62,0
KOR,Tue,63,0
KOR,Tue,64,0
KOR,Tue,65,0
KOR,Tue,66,0
KOR,Tue,67,0
KOR,Tue,68,0
KOR,Tue,69,0
KOR,Tue,70,0
KOR,Tue,71,0
KOR,Tue,72,0
KOR,Tue,73,0
KOR,Wed,0,0
KOR,Wed,1,0
KOR,Wed,2,0
KOR,Wed,3,0
KOR,Wed,4,0
KOR,Wed,5,0
KOR,Wed,6,0
KOR,Wed,7,0
KOR,Wed,8,0
KOR,Wed,9,0
KOR,Wed,10,0
KOR,Wed,11,0
KOR,Wed,12,0
KOR,Wed,13,0
KOR,Wed,14,0
KOR,Wed,15,0
KOR,Wed,16,0
KOR,Wed,17,0
KOR,Wed,18,0
KOR,Wed,19,0
KOR,Wed,20,0
KOR,Wed,21,0
KOR,Wed,22,0
KOR,Wed,23,0
KOR,Wed,24,0
KOR,Wed,25,0
KOR,Wed,26,0
KOR,Wed,27,0
KOR,Wed,28,0
KOR,Wed,29,0
KOR,Wed,30,0
KOR,Wed,31,0
KOR,Wed,32,0
KOR,Wed,33,0
KOR,Wed,34,0
KOR,Wed,35,0
KOR,Wed,36,0
KOR,Wed,37,0
KOR,Wed,38,0
KOR,Wed,39,0
KOR,Wed,40,0
KOR,Wed,41,0
KOR,Wed,42,0
KOR,Wed,43,0
KOR,Wed,44,0
KOR,Wed,45,0
KOR,Wed,46,0
KOR,Wed,47,0
KOR,Wed,48,0
KOR,Wed,49,0
KOR,Wed,50,0
KOR,Wed,51,0
KOR,Wed,52,0
KOR,Wed,53,0
KOR,Wed,54,0
KOR,Wed,55,0
KOR,Wed,56,0
KOR,Wed,57,0
KOR,Wed,58,0
KOR,Wed,59,0
KOR,Wed,60,0
KOR,Wed,61,0
KOR,Wed,62,0
KOR,Wed,63,0
KOR,Wed,64,0
KOR,Wed,65,0
KOR,Wed,66,0
KOR,Wed,67,0
KOR,Wed,68,0
KOR,Wed,69,0
KOR,Wed,70,0
KOR,Wed,71,0
KOR,Wed,72,0
KOR,Wed,73,0
KOR,Thu,0,0
KOR,Thu,1,0
KOR,Thu,2,0
KOR,Thu,3,0
KOR,Thu,4,0
KOR,Thu,5,0
KOR,Thu,6,0
KOR,Thu,7,0
KOR,Thu,8,0
KOR,Thu,9,0
KOR,Thu,10,0
KOR,Thu,11,0
KOR,Thu,12,0
KOR,Thu,13,0
KOR,Thu,14,0
KOR,Thu,15,0
KOR,Thu,16,0
KOR,Thu,17,0
KOR,Thu,18,0
KOR,Thu,19,0
KOR,Thu,20,0
KOR,Thu,21,0
KOR,Thu,22,0
KOR,Thu,23,0
KOR,Thu,24,0
KOR,Thu,25,0
KOR,Thu,26,0
KOR,Thu,27,0
KOR,Thu,28,0
KOR,Thu,29,0
KOR,Thu,30,0
KOR,Thu,31,0
KOR,Thu,32,0
KOR,Thu,33,0
KOR,Thu,34,0
KOR,Thu,35,0
KOR,Thu,36,0
KOR,Thu,37,0
KOR,Thu,38,0
KOR,Thu,39,0
KOR,Thu,40,0
KOR,Thu,41,0
KOR,Thu,42,0
KOR,Thu,43,0
KOR,Thu,44,0
KOR,Thu,45,0
KOR,Thu,46,0
KOR,Thu,47,0
KOR,Thu,48,0
KOR,Thu,49,0
KOR,Thu,50,0
KOR,Thu,51,0
KOR,Thu,52,0
KOR,Thu,53,0
KOR,Thu,54,0
KOR,Thu,55,0
KOR,Thu,56,0
KOR,Thu,57,0
KOR,Thu,58,0
KOR,Thu,59,0
KOR,Thu,60,0
KOR,Thu,61,0
KOR,Thu,62,0
KOR,Thu,63,0
KOR,Thu,64,0
KOR,Thu,65,0
KOR,Thu,66,0
KOR,Thu,67,0
KOR,Thu,68,0
KOR,Thu,69,0
KOR,Thu,70,0
KOR,Thu,71,0
KOR,Thu,72,0
KOR,Thu,73,0
KOR,Fri,0,0
KOR,Fri,1,0
KOR,Fri,2,0
KOR,Fri,3,0
KOR,Fri,4,0
KOR,Fri,5,0
KOR,Fri,6,0
KOR,Fri,7,0
KOR,Fri,8,0
KOR,Fri,9,0
KOR,Fri,10,0
KOR,Fri,11,0
KOR,Fri,12,0
KOR,Fri,13,0
KOR,Fri,14,0
KOR,Fri,15,0
KOR,Fri,16,0
KOR,Fri,17,0
KOR,Fri,18,0
KOR,Fri,19,0
KOR,Fri,20,0
KOR,Fri,21,0
KOR,Fri,22,0
KOR,Fri,23,0
KOR,Fri,24,0
KOR,Fri,25,0
KOR,Fri,26,0
KOR,Fri,27,0
KOR,Fri,28,0
KOR,Fri,29,0
KOR,Fri,30,0
KOR,Fri,31,0
KOR,Fri,32,0
KOR,Fri,33,0
KOR,Fri,34,0
KOR,Fri,35,0
KOR,Fri,36,0
KOR,Fri,37,0
KOR,Fri,38,0
KOR,Fri,39,0
KOR,Fri,40,0
KOR,Fri,41,0
KOR,Fri,42,0
KOR,Fri,43,0
KOR,Fri,44,0
KOR,Fri,45,0
KOR,Fri,46,0
KOR,Fri,47,0
KOR,Fri,48,0
KOR,Fri,49,0
KOR,Fri,50,0
KOR,Fri,51,0
KOR,Fri,52,0
KOR,Fri,53,0
KOR,Fri,54,0
KOR,Fri,55,0
KOR,Fri,56,0
KOR,Fri,57,0
KOR,Fri,58,0
KOR,Fri,59,0
KOR,Fri,60,0
KOR,Fri,61,0
KOR,Fri,62,0
KOR,Fri,63,0
KOR,Fri,64,0
KOR,Fri,65,0
KOR,Fri,66,0
KOR,Fri,67,0
KOR,Fri,68,0
KOR,Fri,69,0
KOR,Fri,70,0
KOR,Fri,71,0
KOR,Fri,72,0
KOR,Fri,73,0
KOR,Sat,0,0
KOR,Sat,1,0
KOR,Sat,2,0
KOR,Sat,3,0
KOR,Sat,4,0
KOR,Sat,5,0
KOR,Sat,6,0
KOR,Sat,7,0
KOR,Sat,8,0
KOR,Sat,9,0
KOR,Sat,10,0
KOR,Sat,11,0
KOR,Sat,12,0
KOR,Sat,13,0
KOR,Sat,14,0
KOR,Sat,15,0
KOR,Sat,16,0
KOR,Sat,17,0
KOR,Sat,18,0
KOR,Sat,19,0
KOR,Sat,20,0
KOR,Sat,21,0
KOR,Sat,22,0
KOR,Sat,23,0
KOR,Sat,24,0
KOR,Sat,25,0
KOR,Sat,26,0
KOR,Sat,27,0
KOR,Sat,28,0
KOR,Sat,29,0
KOR,Sat,30,0
KOR,Sat,31,0
KOR,Sat,32,0
KOR,Sat,33,0
KOR,Sat,34,0
KOR,Sat,35,0
KOR,Sat,36,0
KOR,Sat,37,0
KOR,Sat,38,0
KOR,Sat,39,0
KOR,Sat,40,0
KOR,Sat,41,0
KOR,Sat,42,0
KOR,Sat,43,0
KOR,Sat,44,0
KOR,Sat,45,0
KOR,Sat,46,0
KOR,Sat,47,0
KOR,Sat,48,0
KOR,Sat,49,0
KOR,Sat,50,0
KOR,Sat,51,0
KOR,Sat,52,0
KOR,Sat,53,0
KOR,Sat,54,0
KOR,Sat,55,0
KOR,Sat,56,0
KOR,Sat,57,0
KOR,Sat,58,0
KOR,Sat,59,0
KOR,Sat,60,0
KOR,Sat,61,0
KOR,Sat,62,0
KOR,Sat,63,0
KOR,Sat,64,0
KOR,Sat,65,0
KOR,Sat,66,0
KOR,Sat,67,0
KOR,Sat,68,0
KOR,Sat,69,0
KOR,Sat,70,0
KOR,Sat,71,0
KOR,Sat,72,0
KOR,Sat,73,0
MEX,Sun,0,0
MEX,Sun,1,0
MEX,Sun,2,0
MEX,Sun,3,0
MEX,Sun,4,0
MEX,Sun,5,0
MEX,Sun,6,0
MEX,Sun,7,0
MEX,Sun,8,0
MEX,Sun,9,0
MEX,Sun,10,0
MEX,Sun,11,0
MEX,Sun,12,0
MEX,Sun,13,0
MEX,Sun,14,0
MEX,Sun,15,0
MEX,Sun,16,0
MEX,Sun,17,0
MEX,Sun,18,0
MEX,Sun,19,0
MEX,Sun,20,0
MEX,Sun,21,0
MEX,Sun,22,0
MEX,Sun,23,0
MEX,Sun,24,0
MEX,Sun,25,0
MEX,Sun,26,0
MEX,Sun,27,0
MEX,Sun,28,0
MEX,Sun,29,0
MEX,Sun,30,0
MEX,Sun,31,0
MEX,Sun,32,0
MEX,Sun,33,0
MEX,Sun,34,0
MEX,Sun,35,0
MEX,Sun,36,0
MEX,Sun,37,0
MEX,Sun,38,0
MEX,Sun,39,0
MEX,Sun,40,0
MEX,Sun,41,0
MEX,Sun,42,0
MEX,Sun,43,0
MEX,Sun,44,0
MEX,Sun,45,0
MEX,Sun,46,0
MEX,Sun,47,0
MEX,Sun,48,0
MEX,Sun,49,0
MEX,Sun,50,0
MEX,Sun,51,0
MEX,Sun,52,0
MEX,Sun,53,0
MEX,Sun,54,0
MEX,Sun,55,0
MEX,Sun,56,0
MEX,Sun,57,0
MEX,Sun,58,0
MEX,Sun,59,0
MEX,Sun,60,0
MEX,Sun,61,0
MEX,Sun,62,0
MEX,Sun,63,0
MEX,Sun,64,0
MEX,Sun,65,0
MEX,Sun,66,0
MEX,Sun,67,0
MEX,Sun,68,0
MEX,Sun,69,0
MEX,Sun,70,0
MEX,Sun,71,0
MEX,Sun,72,0
MEX,Sun,73,0
MEX,Mon,0,0
MEX,Mon,1,0
MEX,Mon,2,0
MEX,Mon,3,0
MEX,Mon,4,0
MEX,Mon,5,0
MEX,Mon,6,0
MEX,Mon,7,0
MEX,Mon,8,0
MEX,Mon,9,0
MEX,Mon,10,0
MEX,Mon,11,0
MEX,Mon,12,0
MEX,Mon,13,0
MEX,Mon,14,0
MEX,Mon,15,0
MEX,Mon,16,0
MEX,Mon,17,0
MEX,Mon,18,0
MEX,Mon,19,0
MEX,Mon,20,0
MEX,Mon,21,0
MEX,Mon,22,0
MEX,Mon,23,0
MEX,Mon,24,0
MEX,Mon,25,0
MEX,Mon,26,0
MEX,Mon,27,0
MEX,Mon,28,0
MEX,Mon,29,0
MEX,Mon,30,0
MEX,Mon,31,0
MEX,Mon,32,0
MEX,Mon,33,0
MEX,Mon,34,0
MEX,Mon,35,0
MEX,Mon,36,0
MEX,Mon,37,0
MEX,Mon,38,0
MEX,Mon,39,0
MEX,Mon,40,0
MEX,Mon,41,0
MEX,Mon,42,0
MEX,Mon,43,0
MEX,Mon,44,0
MEX,Mon,45,0
MEX,Mon,46,0
MEX,Mon,47,0
MEX,Mon,48,0
MEX,Mon,49,0
MEX,Mon,50,0
MEX,Mon,51,0
MEX,Mon,52,0
MEX,Mon,53,0
MEX,Mon,54,0
MEX,Mon,55,0
MEX,Mon,56,0
MEX,Mon,57,0
MEX,Mon,58,0
MEX,Mon,59,0
MEX,Mon,60,0
MEX,Mon,61,0
MEX,Mon,62,0
MEX,Mon,63,0
MEX,Mon,64,0
MEX,Mon,65,0
MEX,Mon,66,0
MEX,Mon,67,0
MEX,Mon,68,0
MEX,Mon,69,0
MEX,Mon,70,0
MEX,Mon,71,0
MEX,Mon,72,0
MEX,Mon,73,0
MEX,Tue,0,0
MEX,Tue,1,0
MEX,Tue,2,0
MEX,Tue,3,0
MEX,Tue,4,0
MEX,Tue,5,0
MEX,Tue,6,0
MEX,Tue,7,0
MEX,Tue,8,0
MEX,Tue,9,0
MEX,Tue,10,0
MEX,Tue,11,0
MEX,Tue,12,0
MEX,Tue,13,0
MEX,Tue,14,0
MEX,Tue,15,0
MEX,Tue,16,0
MEX,Tue,17,0
MEX,Tue,18,0
MEX,Tue,19,0
MEX,Tue,20,0
MEX,Tue,21,0
MEX,Tue,22,0
MEX,Tue,23,0
MEX,Tue,24,0
MEX,Tue,25,0
MEX,Tue,26,0
MEX,Tue,27,0
MEX,Tue,28,0
MEX,Tue,29,0
MEX,Tue,30,0
MEX,Tue,31,0
MEX,Tue,32,0
MEX,Tue,33,0
MEX,Tue,34,0
MEX,Tue,35,0
MEX,Tue,36,0
MEX,Tue,37,0
MEX,Tue,38,0
MEX,Tue,39,0
MEX,Tue,40,0
MEX,Tue,41,0
MEX,Tue,42,0
MEX,Tue,43,0
MEX,Tue,44,0
MEX,Tue,45,0
MEX,Tue,46,0
MEX,Tue,47,0
MEX,Tue,48,0
MEX,Tue,49,0
MEX,Tue,50,0
MEX,Tue,51,0
MEX,Tue,52,0
MEX,Tue,53,0
MEX,Tue,54,0
MEX,Tue,55,0
MEX,Tue,56,0
MEX,Tue,57,0
MEX,Tue,58,0
MEX,Tue,59,0
MEX,Tue,60,0
MEX,Tue,61,0
MEX,Tue,62,0
MEX,Tue,63,0
MEX,Tue,64,0
MEX,Tue,65,0
MEX,Tue,66,0
MEX,Tue,67,0
MEX,Tue,68,0
MEX,Tue,69,0
MEX,Tue,70,0
MEX,Tue,71,0
MEX,Tue,72,0
MEX,Tue,73,0
MEX,Wed,0,0
MEX,Wed,1,0
MEX,Wed,2,0
MEX,Wed,3,0
MEX,Wed,4,0
MEX,Wed,5,0
MEX,Wed,6,0
MEX,Wed,7,0
MEX,Wed,8,0
MEX,Wed,9,0
MEX,Wed,10,0
MEX,Wed,11,0
MEX,Wed,12,0
MEX,Wed,13,0
MEX,Wed,14,0
MEX,Wed,15,0
MEX,Wed,16,0
MEX,Wed,17,0
MEX,Wed,18,0
MEX,Wed,19,0
MEX,Wed,20,0
MEX,Wed,21,0
MEX,Wed,22,0
MEX,Wed,23,0
MEX,Wed,24,0
MEX,Wed,25,0
MEX,Wed,26,0
MEX,Wed,27,0
MEX,Wed,28,0
MEX,Wed,29,0
MEX,Wed,30,0
MEX,Wed,31,0
MEX,Wed,32,0
MEX,Wed,33,0
MEX,Wed,34,0
MEX,Wed,35,0
MEX,Wed,36,0
MEX,Wed,37,0
MEX,Wed,38,0
MEX,Wed,39,0
MEX,Wed,40,0
MEX,Wed,41,0
MEX,Wed,42,0
MEX,Wed,43,0
MEX,Wed,44,0
MEX,Wed,45,0
MEX,Wed,46,0
MEX,Wed,47,0
MEX,Wed,48,0
MEX,Wed,49,0
MEX,Wed,50,0
MEX,Wed,51,0
MEX,Wed,52,0
MEX,Wed,53,0
MEX,Wed,54,0
MEX,Wed,55,0
MEX,Wed,56,0
MEX,Wed,57,0
MEX,Wed,58,0
MEX,Wed,59,0
MEX,Wed,60,0
MEX,Wed,61,0
MEX,Wed,62,0
MEX,Wed,63,0
MEX,Wed,64,0
MEX,Wed,65,0
MEX,Wed,66,0
MEX,Wed,67,0
MEX,Wed,68,0
MEX,Wed,69,0
MEX,Wed,70,0
MEX,Wed,71,0
MEX,Wed,72,0
MEX,Wed,73,0
MEX,Thu,0,0
MEX,Thu,1,0
MEX,Thu,2,0
MEX,Thu,3,0
MEX,Thu,4,0
MEX,Thu,5,0
MEX,Thu,6,0
MEX,Thu,7,0
MEX,Thu,8,0
MEX,Thu,9,0
MEX,Thu,10,0
MEX,Thu,11,0
MEX,Thu,12,0
MEX,Thu,13,0
MEX,Thu,14,0
MEX,Thu,15,0
MEX,Thu,16,0
MEX,Thu,17,0
MEX,Thu,18,0
MEX,Thu,19,0
MEX,Thu,20,0
MEX,Thu,21,0
MEX,Thu,22,0
MEX,Thu,23,0
MEX,Thu,24,0
MEX,Thu,25,0
MEX,Thu,26,0
MEX,Thu,27,0
MEX,Thu,28,0
MEX,Thu,29,0
MEX,Thu,30,0
MEX,Thu,31,0
MEX,Thu,32,0
MEX,Thu,33,0
MEX,Thu,34,0
MEX,Thu,35,0
MEX,Thu,36,0
MEX,Thu,37,0
MEX,Thu,38,0
MEX,Thu,39,0
MEX,Thu,40,0
MEX,Thu,41,0
MEX,Thu,42,0
MEX,Thu,43,0
MEX,Thu,44,0
MEX,Thu,45,0
MEX,Thu,46,0
MEX,Thu,47,0
MEX,Thu,48,0
MEX,Thu,49,0
MEX,Thu,50,0
MEX,Thu,51,0
MEX,Thu,52,0
MEX,Thu,53,0
MEX,Thu,54,0
MEX,Thu,55,0
MEX,Thu,56,0
MEX,Thu,57,0
MEX,Thu,58,0
MEX,Thu,59,0
MEX,Thu,60,0
MEX,Thu,61,0
MEX,Thu,62,0
MEX,Thu,63,0
MEX,Thu,64,0
MEX,Thu,65,0
MEX,Thu,66,0
MEX,Thu,67,0
MEX,Thu,68,0
MEX,Thu,69,0
MEX,Thu,70,0
MEX,Thu,71,0
MEX,Thu,72,0
MEX,Thu,73,0
MEX,Fri,0,0
MEX,Fri,1,0
MEX,Fri,2,0
MEX,Fri,3,0
MEX,Fri,4,0
MEX,Fri,5,0
MEX,Fri,6,0
MEX,Fri,7,0
MEX,Fri,8,0
MEX,Fri,9,0
MEX,Fri,10,0
MEX,Fri,11,0
MEX,Fri,12,0
MEX,Fri,13,0
MEX,Fri,14,0
MEX,Fri,15,0
MEX,Fri,16,0
MEX,Fri,17,0
MEX,Fri,18,0
MEX,Fri,19,0
MEX,Fri,20,0
MEX,Fri,21,0
MEX,Fri,22,0
MEX,Fri,23,0
MEX,Fri,24,0
MEX,Fri,25,0
MEX,Fri,26,0
MEX,Fri,27,0
MEX,Fri,28,0
MEX,Fri,29,0
MEX,Fri,30,0
MEX,Fri,31,0
MEX,Fri,32,0
MEX,Fri,33,0
MEX,Fri,34,0
MEX,Fri,35,0
MEX,Fri,36,0
MEX,Fri,37,0
MEX,Fri,38,0
MEX,Fri,39,0
MEX,Fri,40,0
MEX,Fri,41,0
MEX,Fri,42,0
MEX,Fri,43,0
MEX,Fri,44,0
MEX,Fri,45,0
MEX,Fri,46,0
MEX,Fri,47,0
MEX,Fri,48,0
MEX,Fri,49,0
MEX,Fri,50,0
MEX,Fri,51,0
MEX,Fri,52,0
MEX,Fri,53,0
MEX,Fri,54,0
MEX,Fri,55,0
MEX,Fri,56,0
MEX,Fri,57,0
MEX,Fri,58,0
MEX,Fri,59,0
MEX,Fri,60,0
MEX,Fri,61,0
MEX,Fri,62,0
MEX,Fri,63,0
MEX,Fri,64,0
MEX,Fri,65,0
MEX,Fri,66,0
MEX,Fri,67,0
MEX,Fri,68,0
MEX,Fri,69,0
MEX,Fri,70,0
MEX,Fri,71,0
MEX,Fri,72,0
MEX,Fri,73,0
MEX,Sat,0,0
MEX,Sat,1,0
MEX,Sat,2,0
MEX,Sat,3,0
MEX,Sat,4,0
MEX,Sat,5,0
MEX,Sat,6,0
MEX,Sat,7,0
MEX,Sat,8,0
MEX,Sat,9,0
MEX,Sat,10,0
MEX,Sat,11,0
MEX,Sat,12,0
MEX,Sat,13,0
MEX,Sat,14,0
MEX,Sat,15,0
MEX,Sat,16,0
MEX,Sat,17,0
MEX,Sat,18,0
MEX,Sat,19,0
MEX,Sat,20,0
MEX,Sat,21,0
MEX,Sat,22,0
MEX,Sat,23,0
MEX,Sat,24,0
MEX,Sat,25,0
MEX,Sat,26,0
MEX,Sat,27,0
MEX,Sat,28,0
MEX,Sat,29,0
MEX,Sat,30,0
MEX,Sat,31,0
MEX,Sat,32,0
MEX,Sat,33,0
MEX,Sat,34,0
MEX,Sat,35,0
MEX,Sat,36,0
MEX,Sat,37,0
MEX,Sat,38,0
MEX,Sat,39,0
MEX,Sat,40,0
MEX,Sat,41,0
MEX,Sat,42,0
MEX,Sat,43,0
MEX,Sat,44,0
MEX,Sat,45,0
MEX,Sat,46,0
MEX,Sat,47,0
MEX,Sat,48,0
MEX,Sat,49,0
MEX,Sat,50,0
MEX,Sat,51,0
MEX,Sat,52,0
MEX,Sat,53,0
MEX,Sat,54,0
MEX,Sat,55,0
MEX,Sat,56,0
MEX,Sat,57,0
MEX,Sat,58,0
MEX,Sat,59,0
MEX,Sat,60,0
MEX,Sat,61,0
MEX,Sat,62,0
MEX,Sat,63,0
MEX,Sat,64,0
MEX,Sat,65,0
MEX,Sat,66,0
MEX,Sat,67,0
MEX,Sat,68,0
MEX,Sat,69,0
MEX,Sat,70,0
MEX,Sat,71,0
MEX,Sat,72,0
MEX,Sat,73,0
MJP,Sun,0,0
MJP,Sun,1,0
MJP,Sun,2,0
MJP,Sun,3,0
MJP,Sun,4,0
MJP,Sun,5,0
MJP,Sun,6,0
MJP,Sun,7,0
MJP,Sun,8,0
MJP,Sun,9,0
MJP,Sun,10,0
MJP,Sun,11,0
MJP,Sun,12,0
MJP,Sun,13,0
MJP,Sun,14,0
MJP,Sun,15,0
MJP,Sun,16,0
MJP,Sun,17,0
MJP,Sun,18,0
MJP,Sun,19,0
MJP,Sun,20,0
MJP,Sun,21,0
MJP,Sun,22,0
MJP,Sun,23,0
MJP,Sun,24,0
MJP,Sun,25,0
MJP,Sun,26,0
MJP,Sun,27,0
MJP,Sun,28,0
MJP,Sun,29,0
MJP,Sun,30,0
MJP,Sun,31,0
MJP,Sun,32,0
MJP,Sun,33,0
MJP,Sun,34,0
MJP,Sun,35,0
MJP,Sun,36,0
MJP,Sun,37,0
MJP,Sun,38,0
MJP,Sun,39,0
MJP,Sun,40,0
MJP,Sun,41,0
MJP,Sun,42,0
MJP,Sun,43,0
MJP,Sun,44,0
MJP,Sun,45,0
MJP,Sun,46,0
MJP,Sun,47,0
MJP,Sun,48,0
MJP,Sun,49,0
MJP,Sun,50,0
MJP,Sun,51,0
MJP,Sun,52,0
MJP,Sun,53,0
MJP,Sun,54,0
MJP,Sun,55,0
MJP,Sun,56,0
MJP,Sun,57,0
MJP,Sun,58,0
MJP,Sun,59,0
MJP,Sun,60,0
MJP,Sun,61,0
MJP,Sun,62,0
MJP,Sun,63,0
MJP,Sun,64,0
MJP,Sun,65,0
MJP,Sun,66,0
MJP,Sun,67,0
MJP,Sun,68,0
MJP,Sun,69,0
MJP,Sun,70,0
MJP,Sun,71,0
MJP,Sun,72,0
MJP,Sun,73,0
MJP,Mon,0,0
MJP,Mon,1,0
MJP,Mon,2,0
MJP,Mon,3,0
MJP,Mon,4,0
MJP,Mon,5,0
MJP,Mon,6,0
MJP,Mon,7,0
MJP,Mon,8,0
MJP,Mon,9,0
MJP,Mon,10,0
MJP,Mon,11,0
MJP,Mon,12,0
MJP,Mon,13,0
MJP,Mon,14,0
MJP,Mon,15,0
MJP,Mon,16,0
MJP,Mon,17,0
MJP,Mon,18,0
MJP,Mon,19,0
MJP,Mon,20,0
MJP,Mon,21,0
MJP,Mon,22,0
MJP,Mon,23,0
MJP,Mon,24,0
MJP,Mon,25,0
MJP,Mon,26,0
MJP,Mon,27,0
MJP,Mon,28,0
MJP,Mon,29,0
MJP,Mon,30,0
MJP,Mon,31,0
MJP,Mon,32,0
MJP,Mon,33,0
MJP,Mon,34,0
MJP,Mon,35,0
MJP,Mon,36,0
MJP,Mon,37,0
MJP,Mon,38,0
MJP,Mon,39,0
MJP,Mon,40,0
MJP,Mon,41,0
MJP,Mon,42,0
MJP,Mon,43,0
MJP,Mon,44,0
MJP,Mon,45,0
MJP,Mon,46,0
MJP,Mon,47,0
MJP,Mon,48,0
MJP,Mon,49,0
MJP,Mon,50,0
MJP,Mon,51,0
MJP,Mon,52,0
MJP,Mon,53,0
MJP,Mon,54,0
MJP,Mon,55,0
MJP,Mon,56,0
MJP,Mon,57,0
MJP,Mon,58,0
MJP,Mon,59,0
MJP,Mon,60,0
MJP,Mon,61,0
MJP,Mon,62,0
MJP,Mon,63,0
MJP,Mon,64,0
MJP,Mon,65,0
MJP,Mon,66,0
MJP,Mon,67,0
MJP,Mon,68,0
MJP,Mon,69,0
MJP,Mon,70,0
MJP,Mon,71,0
MJP,Mon,72,0
MJP,Mon,73,0
MJP,Tue,0,0
MJP,Tue,1,0
MJP,Tue,2,0
MJP,Tue,3,0
MJP,Tue,4,0
MJP,Tue,5,0
MJP,Tue,6,0
MJP,Tue,7,0
MJP,Tue,8,0
MJP,Tue,9,0
MJP,Tue,10,0
MJP,Tue,11,0
MJP,Tue,12,0
MJP,Tue,13,0
MJP,Tue,14,0
MJP,Tue,15,0
MJP,Tue,16,0
MJP,Tue,17,0
MJP,Tue,18,0
MJP,Tue,19,0
MJP,Tue,20,0
MJP,Tue,21,0
MJP,Tue,22,0
MJP,Tue,23,0
MJP,Tue,24,0
MJP,Tue,25,0
MJP,Tue,26,0
MJP,Tue,27,0
MJP,Tue,28,0
MJP,Tue,29,0
MJP,Tue,30,0
MJP,Tue,31,0
MJP,Tue,32,0
MJP,Tue,33,0
MJP,Tue,34,0
MJP,Tue,35,0
MJP,Tue,36,0
MJP,Tue,37,0
MJP,Tue,38,0
MJP,Tue,39,0
MJP,Tue,40,0
MJP,Tue,41,0
MJP,Tue,42,0
MJP,Tue,43,0
MJP,Tue,44,0
MJP,Tue,45,0
MJP,Tue,46,0
MJP,Tue,47,0
MJP,Tue,48,0
MJP,Tue,49,0
MJP,Tue,50,0
MJP,Tue,51,0
MJP,Tue,52,0
MJP,Tue,53,0
MJP,Tue,54,0
MJP,Tue,55,0
MJP,Tue,56,0
MJP,Tue,57,0
MJP,Tue,58,0
MJP,Tue,59,0
MJP,Tue,60,0
MJP,Tue,61,0
MJP,Tue,62,0
MJP,Tue,63,0
MJP,Tue,64,0
MJP,Tue,65,0
MJP,Tue,66,0
MJP,Tue,67,0
MJP,Tue,68,0
MJP,Tue,69,0
MJP,Tue,70,0
MJP,Tue,71,0
MJP,Tue,72,0
MJP,Tue,73,0
MJP,Wed,0,0
MJP,Wed,1,0
MJP,Wed,2,0
MJP,Wed,3,0
MJP,Wed,4,0
MJP,Wed,5,0
MJP,Wed,6,0
MJP,Wed,7,0
MJP,Wed,8,0
MJP,Wed,9,0
MJP,Wed,10,0
MJP,Wed,11,0
MJP,Wed,12,0
MJP,Wed,13,0
MJP,Wed,14,0
MJP,Wed,15,0
MJP,Wed,16,0
MJP,Wed,17,0
MJP,Wed,18,0
MJP,Wed,19,0
MJP,Wed,20,0
MJP,Wed,21,0
MJP,Wed,22,0
MJP,Wed,23,0
MJP,Wed,24,0
MJP,Wed,25,0
MJP,Wed,26,0
MJP,Wed,27,0
MJP,Wed,28,0
MJP,Wed,29,0
MJP,Wed,30,0
MJP,Wed,31,0
MJP,Wed,32,0
MJP,Wed,33,0
MJP,Wed,34,0
MJP,Wed,35,0
MJP,Wed,36,0
MJP,Wed,37,0
MJP,Wed,38,0
MJP,Wed,39,0
MJP,Wed,40,0
MJP,Wed,41,0
MJP,Wed,42,0
MJP,Wed,43,0
MJP,Wed,44,0
MJP,Wed,45,0
MJP,Wed,46,0
MJP,Wed,47,0
MJP,Wed,48,0
MJP,Wed,49,0
MJP,Wed,50,0
MJP,Wed,51,0
MJP,Wed,52,0
MJP,Wed,53,0
MJP,Wed,54,0
MJP,Wed,55,0
MJP,Wed,56,0
MJP,Wed,57,0
MJP,Wed,58,0
MJP,Wed,59,0
MJP,Wed,60,0
MJP,Wed,61,0
MJP,Wed,62,0
MJP,Wed,63,0
MJP,Wed,64,0
MJP,Wed,65,0
MJP,Wed,66,0
MJP,Wed,67,0
MJP,Wed,68,0
MJP,Wed,69,0
MJP,Wed,70,0
MJP,Wed,71,0
MJP,Wed,72,0
MJP,Wed,73,0
MJP,Thu,0,0
MJP,Thu,1,0
MJP,Thu,2,0
MJP,Thu,3,0
MJP,Thu,4,0
MJP,Thu,5,0
MJP,Thu,6,0
MJP,Thu,7,0
MJP,Thu,8,0
MJP,Thu,9,0
MJP,Thu,10,0
MJP,Thu,11,0
MJP,Thu,12,0
MJP,Thu,13,0
MJP,Thu,14,0
MJP,Thu,15,0
MJP,Thu,16,0
MJP,Thu,17,0
MJP,Thu,18,0
MJP,Thu,19,0
MJP,Thu,20,0
MJP,Thu,21,0
MJP,Thu,22,0
MJP,Thu,23,0
MJP,Thu,24,0
MJP,Thu,25,0
MJP,Thu,26,0
MJP,Thu,27,0
MJP,Thu,28,0
MJP,Thu,29,0
MJP,Thu,30,0
MJP,Thu,31,0
MJP,Thu,32,0
MJP,Thu,33,0
MJP,Thu,34,0
MJP,Thu,35,0
MJP,Thu,36,0
MJP,Thu,37,0
MJP,Thu,38,0
MJP,Thu,39,0
MJP,Thu,40,0
MJP,Thu,41,0
MJP,Thu,42,0
MJP,Thu,43,0
MJP,Thu,44,0
MJP,Thu,45,0
MJP,Thu,46,0
MJP,Thu,47,0
MJP,Thu,48,0
MJP,Thu,49,0
MJP,Thu,50,0
MJP,Thu,51,0
MJP,Thu,52,0
MJP,Thu,53,0
MJP,Thu,54,0
MJP,Thu,55,0
MJP,Thu,56,0
MJP,Thu,57,0
MJP,Thu,58,0
MJP,Thu,59,0
MJP,Thu,60,0
MJP,Thu,61,0
MJP,Thu,62,0
MJP,Thu,63,0
MJP,Thu,64,0
MJP,Thu,65,0
MJP,Thu,66,0
MJP,Thu,67,0
MJP,Thu,68,0
MJP,Thu,69,0
MJP,Thu,70,0
MJP,Thu,71,0
MJP,Thu,72,0
MJP,Thu,73,0
MJP,Fri,0,0
MJP,Fri,1,0
MJP,Fri,2,0
MJP,Fri,3,0
MJP,Fri,4,0
MJP,Fri,5,0
MJP,Fri,6,0
MJP,Fri,7,0
MJP,Fri,8,0
MJP,Fri,9,0
MJP,Fri,10,0
MJP,Fri,11,0
MJP,Fri,12,0
MJP,Fri,13,0
MJP,Fri,14,0
MJP,Fri,15,0
MJP,Fri,16,0
MJP,Fri,17,0
MJP,Fri,18,0
MJP,Fri,19,0
MJP,Fri,20,0
MJP,Fri,21,0
MJP,Fri,22,0
MJP,Fri,23,0
MJP,Fri,24,0
MJP,Fri,25,0
MJP,Fri,26,0
MJP,Fri,27,0
MJP,Fri,28,0
MJP,Fri,29,0
MJP,Fri,30,0
MJP,Fri,31,0
MJP,Fri,32,0
MJP,Fri,33,0
MJP,Fri,34,0
MJP,Fri,35,0
MJP,Fri,36,0
MJP,Fri,37,0
MJP,Fri,38,0
MJP,Fri,39,0
MJP,Fri,40,0
MJP,Fri,41,0
MJP,Fri,42,0
MJP,Fri,43,0
MJP,Fri,44,0
MJP,Fri,45,0
MJP,Fri,46,0
MJP,Fri,47,0
MJP,Fri,48,0
MJP,Fri,49,0
MJP,Fri,50,0
MJP,Fri,51,0
MJP,Fri,52,0
MJP,Fri,53,0
MJP,Fri,54,0
MJP,Fri,55,0
MJP,Fri,56,0
MJP,Fri,57,0
MJP,Fri,58,0
MJP,Fri,59,0
MJP,Fri,60,0
MJP,Fri,61,0
MJP,Fri,62,0
MJP,Fri,63,0
MJP,Fri,64,0
MJP,Fri,65,0
MJP,Fri,66,0
MJP,Fri,67,0
MJP,Fri,68,0
MJP,Fri,69,0
MJP,Fri,70,0
MJP,Fri,71,0
MJP,Fri,72,0
MJP,Fri,73,0
MJP,Sat,0,0
MJP,Sat,1,0
MJP,Sat,2,0
MJP,Sat,3,0
MJP,Sat,4,0
MJP,Sat,5,0
MJP,Sat,6,0
MJP,Sat,7,0
MJP,Sat,8,0
MJP,Sat,9,0
MJP,Sat,10,0
MJP,Sat,11,0
MJP,Sat,12,0
MJP,Sat,13,0
MJP,Sat,14,0
MJP,Sat,15,0
MJP,Sat,16,0
MJP,Sat,17,0
MJP,Sat,18,0
MJP,Sat,19,0
MJP,Sat,20,0
MJP,Sat,21,0
MJP,Sat,22,0
MJP,Sat,23,0
MJP,Sat,24,0
MJP,Sat,25,0
MJP,Sat,26,0
MJP,Sat,27,0
MJP,Sat,28,0
MJP,Sat,29,0
MJP,Sat,30,0
MJP,Sat,31,0
MJP,Sat,32,0
MJP,Sat,33,0
MJP,Sat,34,0
MJP,Sat,35,0
MJP,Sat,36,0
MJP,Sat,37,0
MJP,Sat,38,0
MJP,Sat,39,0
MJP,Sat,40,0
MJP,Sat,41,0
MJP,Sat,42,0
MJP,Sat,43,0
MJP,Sat,44,0
MJP,Sat,45,0
MJP,Sat,46,0
MJP,Sat,47,0
MJP,Sat,48,0
MJP,Sat,49,0
MJP,Sat,50,0
MJP,Sat,51,0
MJP,Sat,52,0
MJP,Sat,53,0
MJP,Sat,54,0
MJP,Sat,55,0
MJP,Sat,56,0
MJP,Sat,57,0
MJP,Sat,58,0
MJP,Sat,59,0
MJP,Sat,60,0
MJP,Sat,61,0
MJP,Sat,62,0
MJP,Sat,63,0
MJP,Sat,64,0
MJP,Sat,65,0
MJP,Sat,66,0
MJP,Sat,67,0
MJP,Sat,68,0
MJP,Sat,69,0
MJP,Sat,70,0
MJP,Sat,71,0
MJP,Sat,72,0
MJP,Sat,73,0
MYS,Sun,0,0
MYS,Sun,1,0
MYS,Sun,2,0
MYS,Sun,3,0
MYS,Sun,4,0
MYS,Sun,5,0
MYS,Sun,6,0
MYS,Sun,7,0
MYS,Sun,8,0
MYS,Sun,9,0
MYS,Sun,10,0
MYS,Sun,11,0
MYS,Sun,12,0
MYS,Sun,13,0
MYS,Sun,14,0
MYS,Sun,15,0
MYS,Sun,16,0
MYS,Sun,17,0
MYS,Sun,18,0
MYS,Sun,19,0
MYS,Sun,20,0
MYS,Sun,21,0
MYS,Sun,22,0
MYS,Sun,23,0
MYS,Sun,24,0
MYS,Sun,25,0
MYS,Sun,26,0
MYS,Sun,27,0
MYS,Sun,28,0
MYS,Sun,29,0
MYS,Sun,30,0
MYS,Sun,31,0
MYS,Sun,32,0
MYS,Sun,33,0
MYS,Sun,34,0
MYS,Sun,35,0
MYS,Sun,36,0
MYS,Sun,37,0
MYS,Sun,38,0
MYS,Sun,39,0
MYS,Sun,40,0
MYS,Sun,41,0
MYS,Sun,42,0
MYS,Sun,43,0
MYS,Sun,44,0
MYS,Sun,45,0
MYS,Sun,46,0
MYS,Sun,47,0
MYS,Sun,48,0
MYS,Sun,49,0
MYS,Sun,50,0
MYS,Sun,51,0
MYS,Sun,52,0
MYS,Sun,53,0
MYS,Sun,54,0
MYS,Sun,55,0
MYS,Sun,56,0
MYS,Sun,57,0
MYS,Sun,58,0
MYS,Sun,59,0
MYS,Sun,60,0
MYS,Sun,61,0
MYS,Sun,62,0
MYS,Sun,63,0
MYS,Sun,64,0
MYS,Sun,65,0
MYS,Sun,66,0
MYS,Sun,67,0
MYS,Sun,68,0
MYS,Sun,69,0
MYS,Sun,70,0
MYS,Sun,71,0
MYS,Sun,72,0
MYS,Sun,73,0
MYS,Mon,0,0
MYS,Mon,1,0
MYS,Mon,2,0
MYS,Mon,3,0
MYS,Mon,4,0
MYS,Mon,5,0
MYS,Mon,6,0
MYS,Mon,7,0
MYS,Mon,8,0
MYS,Mon,9,0
MYS,Mon,10,0
MYS,Mon,11,0
MYS,Mon,12,0
MYS,Mon,13,0
MYS,Mon,14,0
MYS,Mon,15,0
MYS,Mon,16,0
MYS,Mon,17,0
MYS,Mon,18,0
MYS,Mon,19,0
MYS,Mon,20,0
MYS,Mon,21,0
MYS,Mon,22,0
MYS,Mon,23,0
MYS,Mon,24,0
MYS,Mon,25,0
MYS,Mon,26,0
MYS,Mon,27,0
MYS,Mon,28,0
MYS,Mon,29,0
MYS,Mon,30,0
MYS,Mon,31,0
MYS,Mon,32,0
MYS,Mon,33,0
MYS,Mon,34,0
MYS,Mon,35,0
MYS,Mon,36,0
MYS,Mon,37,0
MYS,Mon,38,0
MYS,Mon,39,0
MYS,Mon,40,0
MYS,Mon,41,0
MYS,Mon,42,0
MYS,Mon,43,0
MYS,Mon,44,0
MYS,Mon,45,0
MYS,Mon,46,0
MYS,Mon,47,0
MYS,Mon,48,0
MYS,Mon,49,0
MYS,Mon,50,0
MYS,Mon,51,0
MYS,Mon,52,0
MYS,Mon,53,0
MYS,Mon,54,0
MYS,Mon,55,0
MYS,Mon,56,0
MYS,Mon,57,0
MYS,Mon,58,0
MYS,Mon,59,0
MYS,Mon,60,0
MYS,Mon,61,0
MYS,Mon,62,0
MYS,Mon,63,0
MYS,Mon,64,0
MYS,Mon,65,0
MYS,Mon,66,0
MYS,Mon,67,0
MYS,Mon,68,0
MYS,Mon,69,0
MYS,Mon,70,0
MYS,Mon,71,0
MYS,Mon,72,0
MYS,Mon,73,0
MYS,Tue,0,0
MYS,Tue,1,0
MYS,Tue,2,0
MYS,Tue,3,0
MYS,Tue,4,0
MYS,Tue,5,0
MYS,Tue,6,0
MYS,Tue,7,0
MYS,Tue,8,0
MYS,Tue,9,0
MYS,Tue,10,0
MYS,Tue,11,0
MYS,Tue,12,0
MYS,Tue,13,0
MYS,Tue,14,0
MYS,Tue,15,0
MYS,Tue,16,0
MYS,Tue,17,0
MYS,Tue,18,0
MYS,Tue,19,0
MYS,Tue,20,0
MYS,Tue,21,0
MYS,Tue,22,0
MYS,Tue,23,0
MYS,Tue,24,0
MYS,Tue,25,0
MYS,Tue,26,0
MYS,Tue,27,0
MYS,Tue,28,0
MYS,Tue,29,0
MYS,Tue,30,0
MYS,Tue,31,0
MYS,Tue,32,0
MYS,Tue,33,0
MYS,Tue,34,0
MYS,Tue,35,0
MYS,Tue,36,0
MYS,Tue,37,0
MYS,Tue,38,0
MYS,Tue,39,0
MYS,Tue,40,0
MYS,Tue,41,0
MYS,Tue,42,0
MYS,Tue,43,0
MYS,Tue,44,0
MYS,Tue,45,0
MYS,Tue,46,0
MYS,Tue,47,0
MYS,Tue,48,0
MYS,Tue,49,0
MYS,Tue,50,0
MYS,Tue,51,0
MYS,Tue,52,0
MYS,Tue,53,0
MYS,Tue,54,0
MYS,Tue,55,0
MYS,Tue,56,0
MYS,Tue,57,0
MYS,Tue,58,0
MYS,Tue,59,0
MYS,Tue,60,0
MYS,Tue,61,0
MYS,Tue,62,0
MYS,Tue,63,0
MYS,Tue,64,0
MYS,Tue,65,0
MYS,Tue,66,0
MYS,Tue,67,0
MYS,Tue,68,0
MYS,Tue,69,0
MYS,Tue,70,0
MYS,Tue,71,0
MYS,Tue,72,0
MYS,Tue,73,0
MYS,Wed,0,0
MYS,Wed,1,0
MYS,Wed,2,0
MYS,Wed,3,0
MYS,Wed,4,0
MYS,Wed,5,0
MYS,Wed,6,0
MYS,Wed,7,0
MYS,Wed,8,0
MYS,Wed,9,0
MYS,Wed,10,0
MYS,Wed,11,0
MYS,Wed,12,0
MYS,Wed,13,0
MYS,Wed,14,0
MYS,Wed,15,0
MYS,Wed,16,0
MYS,Wed,17,0
MYS,Wed,18,0
MYS,Wed,19,0
MYS,Wed,20,0
MYS,Wed,21,0
MYS,Wed,22,0
MYS,Wed,23,0
MYS,Wed,24,0
MYS,Wed,25,0
MYS,Wed,26,0
MYS,Wed,27,0
MYS,Wed,28,0
MYS,Wed,29,0
MYS,Wed,30,0
MYS,Wed,31,0
MYS,Wed,32,0
MYS,Wed,33,0
MYS,Wed,34,0
MYS,Wed,35,0
MYS,Wed,36,0
MYS,Wed,37,0
MYS,Wed,38,0
MYS,Wed,39,0
MYS,Wed,40,0
MYS,Wed,41,0
MYS,Wed,42,0
MYS,Wed,43,0
MYS,Wed,44,0
MYS,Wed,45,0
MYS,Wed,46,0
MYS,Wed,47,0
MYS,Wed,48,0
MYS,Wed,49,0
MYS,Wed,50,0
MYS,Wed,51,0
MYS,Wed,52,0
MYS,Wed,53,0
MYS,Wed,54,0
MYS,Wed,55,0
MYS,Wed,56,0
MYS,Wed,57,0
MYS,Wed,58,0
MYS,Wed,59,0
MYS,Wed,60,0
MYS,Wed,61,0
MYS,Wed,62,0
MYS,Wed,63,0
MYS,Wed,64,0
MYS,Wed,65,0
MYS,Wed,66,0
MYS,Wed,67,0
MYS,Wed,68,0
MYS,Wed,69,0
MYS,Wed,70,0
MYS,Wed,71,0
MYS,Wed,72,0
MYS,Wed,73,0
MYS,Thu,0,0
MYS,Thu,1,0
MYS,Thu,2,0
MYS,Thu,3,0
MYS,Thu,4,0
MYS,Thu,5,0
MYS,Thu,6,0
MYS,Thu,7,0
MYS,Thu,8,0
MYS,Thu,9,0
MYS,Thu,10,0
MYS,Thu,11,0
MYS,Thu,12,0
MYS,Thu,13,0
MYS,Thu,14,0
MYS,Thu,15,0
MYS,Thu,16,0
MYS,Thu,17,0
MYS,Thu,18,0
MYS,Thu,19,0
MYS,Thu,20,0
MYS,Thu,21,0
MYS,Thu,22,0
MYS,Thu,23,0
MYS,Thu,24,0
MYS,Thu,25,0
MYS,Thu,26,0
MYS,Thu,27,0
MYS,Thu,28,0
MYS,Thu,29,0
MYS,Thu,30,0
MYS,Thu,31,0
MYS,Thu,32,0
MYS,Thu,33,0
MYS,Thu,34,0
MYS,Thu,35,0
MYS,Thu,36,0
MYS,Thu,37,0
MYS,Thu,38,0
MYS,Thu,39,0
MYS,Thu,40,0
MYS,Thu,41,0
MYS,Thu,42,0
MYS,Thu,43,0
MYS,Thu,44,0
MYS,Thu,45,0
MYS,Thu,46,0
MYS,Thu,47,0
MYS,Thu,48,0
MYS,Thu,49,0
MYS,Thu,50,0
MYS,Thu,51,0
MYS,Thu,52,0
MYS,Thu,53,0
MYS,Thu,54,0
MYS,Thu,55,0
MYS,Thu,56,0
MYS,Thu,57,0
MYS,Thu,58,0
MYS,Thu,59,0
MYS,Thu,60,0
MYS,Thu,61,0
MYS,Thu,62,0
MYS,Thu,63,0
MYS,Thu,64,0
MYS,Thu,65,0
MYS,Thu,66,0
MYS,Thu,67,0
MYS,Thu,68,0
MYS,Thu,69,0
MYS,Thu,70,0
MYS,Thu,71,0
MYS,Thu,72,0
MYS,Thu,73,0
MYS,Fri,0,0
MYS,Fri,1,0
MYS,Fri,2,0
MYS,Fri,3,0
MYS,Fri,4,0
MYS,Fri,5,0
MYS,Fri,6,0
MYS,Fri,7,0
MYS,Fri,8,0
MYS,Fri,9,0
MYS,Fri,10,0
MYS,Fri,11,0
MYS,Fri,12,0
MYS,Fri,13,0
MYS,Fri,14,0
MYS,Fri,15,0
MYS,Fri,16,0
MYS,Fri,17,0
MYS,Fri,18,0
MYS,Fri,19,0
MYS,Fri,20,0
MYS,Fri,21,0
MYS,Fri,22,0
MYS,Fri,23,0
MYS,Fri,24,0
MYS,Fri,25,0
MYS,Fri,26,0
MYS,Fri,27,0
MYS,Fri,28,0
MYS,Fri,29,0
MYS,Fri,30,0
MYS,Fri,31,0
MYS,Fri,32,0
MYS,Fri,33,0
MYS,Fri,34,0
MYS,Fri,35,0
MYS,Fri,36,0
MYS,Fri,37,0
MYS,Fri,38,0
MYS,Fri,39,0
MYS,Fri,40,0
MYS,Fri,41,0
MYS,Fri,42,0
MYS,Fri,43,0
MYS,Fri,44,0
MYS,Fri,45,0
MYS,Fri,46,0
MYS,Fri,47,0
MYS,Fri,48,0
MYS,Fri,49,0
MYS,Fri,50,0
MYS,Fri,51,0
MYS,Fri,52,0
MYS,Fri,53,0
MYS,Fri,54,0
MYS,Fri,55,0
MYS,Fri,56,0
MYS,Fri,57,0
MYS,Fri,58,0
MYS,Fri,59,0
MYS,Fri,60,0
MYS,Fri,61,0
MYS,Fri,62,0
MYS,Fri,63,0
MYS,Fri,64,0
MYS,Fri,65,0
MYS,Fri,66,0
MYS,Fri,67,0
MYS,Fri,68,0
MYS,Fri,69,0
MYS,Fri,70,0
MYS,Fri,71,0
MYS,Fri,72,0
MYS,Fri,73,0
MYS,Sat,0,0
MYS,Sat,1,0
MYS,Sat,2,0
MYS,Sat,3,0
MYS,Sat,4,0
MYS,Sat,5,0
MYS,Sat,6,0
MYS,Sat,7,0
MYS,Sat,8,0
MYS,Sat,9,0
MYS,Sat,10,0
MYS,Sat,11,0
MYS,Sat,12,0
MYS,Sat,13,0
MYS,Sat,14,0
MYS,Sat,15,0
MYS,Sat,16,0
MYS,Sat,17,0
MYS,Sat,18,0
MYS,Sat,19,0
MYS,Sat,20,0
MYS,Sat,21,0
MYS,Sat,22,0
MYS,Sat,23,0
MYS,Sat,24,0
MYS,Sat,25,0
MYS,Sat,26,0
MYS,Sat,27,0
MYS,Sat,28,0
MYS,Sat,29,0
MYS,Sat,30,0
MYS,Sat,31,0
MYS,Sat,32,0
MYS,Sat,33,0
MYS,Sat,34,0
MYS,Sat,35,0
MYS,Sat,36,0
MYS,Sat,37,0
MYS,Sat,38,0
MYS,Sat,39,0
MYS,Sat,40,0
MYS,Sat,41,0
MYS,Sat,42,0
MYS,Sat,43,0
MYS,Sat,44,0
MYS,Sat,45,0
MYS,Sat,46,0
MYS,Sat,47,0
MYS,Sat,48,0
MYS,Sat,49,0
MYS,Sat,50,0
MYS,Sat,51,0
MYS,Sat,52,0
MYS,Sat,53,0
MYS,Sat,54,0
MYS,Sat,55,0
MYS,Sat,56,0
MYS,Sat,57,0
MYS,Sat,58,0
MYS,Sat,59,0
MYS,Sat,60,0
MYS,Sat,61,0
MYS,Sat,62,0
MYS,Sat,63,0
MYS,Sat,64,0
MYS,Sat,65,0
MYS,Sat,66,0
MYS,Sat,67,0
MYS,Sat,68,0
MYS,Sat,69,0
MYS,Sat,70,0
MYS,Sat,71,0
MYS,Sat,72,0
MYS,Sat,73,0
SGP,Sun,0,0
SGP,Sun,1,0
SGP,Sun,2,0
SGP,Sun,3,0
SGP,Sun,4,0
SGP,Sun,5,0
SGP,Sun,6,0
SGP,Sun,7,0
SGP,Sun,8,0
SGP,Sun,9,0
SGP,Sun,10,0
SGP,Sun,11,0
SGP,Sun,12,0
SGP,Sun,13,0
SGP,Sun,14,0
SGP,Sun,15,0
SGP,Sun,16,0
SGP,Sun,17,0
SGP,Sun,18,0
SGP,Sun,19,0
SGP,Sun,20,0
SGP,Sun,21,0
SGP,Sun,22,0
SGP,Sun,23,0
SGP,Sun,24,0
SGP,Sun,25,0
SGP,Sun,26,0
SGP,Sun,27,0
SGP,Sun,28,0
SGP,Sun,29,0
SGP,Sun,30,0
SGP,Sun,31,0
SGP,Sun,32,0
SGP,Sun,33,0
SGP,Sun,34,0
SGP,Sun,35,0
SGP,Sun,36,0
SGP,Sun,37,0
SGP,Sun,38,0
SGP,Sun,39,0
SGP,Sun,40,0
SGP,Sun,41,0
SGP,Sun,42,0
SGP,Sun,43,0
SGP,Sun,44,0
SGP,Sun,45,0
SGP,Sun,46,0
SGP,Sun,47,0
SGP,Sun,48,0
SGP,Sun,49,0
SGP,Sun,50,0
SGP,Sun,51,0
SGP,Sun,52,0
SGP,Sun,53,0
SGP,Sun,54,0
SGP,Sun,55,0
SGP,Sun,56,0
SGP,Sun,57,0
SGP,Sun,58,0
SGP,Sun,59,0
SGP,Sun,60,0
SGP,Sun,61,0
SGP,Sun,62,0
SGP,Sun,63,0
SGP,Sun,64,0
SGP,Sun,65,0
SGP,Sun,66,0
SGP,Sun,67,0
SGP,Sun,68,0
SGP,Sun,69,0
SGP,Sun,70,0
SGP,Sun,71,0
SGP,Sun,72,0
SGP,Sun,73,0
SGP,Mon,0,0
SGP,Mon,1,0
SGP,Mon,2,0
SGP,Mon,3,0
SGP,Mon,4,0
SGP,Mon,5,0
SGP,Mon,6,0
SGP,Mon,7,0
SGP,Mon,8,0
SGP,Mon,9,0
SGP,Mon,10,0
SGP,Mon,11,0
SGP,Mon,12,0
SGP,Mon,13,0
SGP,Mon,14,0
SGP,Mon,15,0
SGP,Mon,16,0
SGP,Mon,17,0
SGP,Mon,18,0
SGP,Mon,19,0
SGP,Mon,20,0
SGP,Mon,21,0
SGP,Mon,22,0
SGP,Mon,23,0
SGP,Mon,24,0
SGP,Mon,25,0
SGP,Mon,26,0
SGP,Mon,27,0
SGP,Mon,28,0
SGP,Mon,29,0
SGP,Mon,30,0
SGP,Mon,31,0
SGP,Mon,32,0
SGP,Mon,33,0
SGP,Mon,34,0
SGP,Mon,35,0
SGP,Mon,36,0
SGP,Mon,37,0
SGP,Mon,38,0
SGP,Mon,39,0
SGP,Mon,40,0
SGP,Mon,41,0
SGP,Mon,42,0
SGP,Mon,43,0
SGP,Mon,44,0
SGP,Mon,45,0
SGP,Mon,46,0
SGP,Mon,47,0
SGP,Mon,48,0
SGP,Mon,49,0
SGP,Mon,50,0
SGP,Mon,51,0
SGP,Mon,52,0
SGP,Mon,53,0
SGP,Mon,54,0
SGP,Mon,55,0
SGP,Mon,56,0
SGP,Mon,57,0
SGP,Mon,58,0
SGP,Mon,59,0
SGP,Mon,60,0
SGP,Mon,61,0
SGP,Mon,62,0
SGP,Mon,63,0
SGP,Mon,64,0
SGP,Mon,65,0
SGP,Mon,66,0
SGP,Mon,67,0
SGP,Mon,68,0
SGP,Mon,69,0
SGP,Mon,70,0
SGP,Mon,71,0
SGP,Mon,72,0
SGP,Mon,73,0
SGP,Tue,0,0
SGP,Tue,1,0
SGP,Tue,2,0
SGP,Tue,3,0
SGP,Tue,4,0
SGP,Tue,5,0
SGP,Tue,6,0
SGP,Tue,7,0
SGP,Tue,8,0
SGP,Tue,9,0
SGP,Tue,10,0
SGP,Tue,11,0
SGP,Tue,12,0
SGP,Tue,13,0
SGP,Tue,14,0
SGP,Tue,15,0
SGP,Tue,16,0
SGP,Tue,17,0
SGP,Tue,18,0
SGP,Tue,19,0
SGP,Tue,20,0
SGP,Tue,21,0
SGP,Tue,22,0
SGP,Tue,23,0
SGP,Tue,24,0
SGP,Tue,25,0
SGP,Tue,26,0
SGP,Tue,27,0
SGP,Tue,28,0
SGP,Tue,29,0
SGP,Tue,30,0
SGP,Tue,31,0
SGP,Tue,32,0
SGP,Tue,33,0
SGP,Tue,34,0
SGP,Tue,35,0
SGP,Tue,36,0
SGP,Tue,37,0
SGP,Tue,38,0
SGP,Tue,39,0
SGP,Tue,40,0
SGP,Tue,41,0
SGP,Tue,42,0
SGP,Tue,43,0
SGP,Tue,44,0
SGP,Tue,45,0
SGP,Tue,46,0
SGP,Tue,47,0
SGP,Tue,48,0
SGP,Tue,49,0
SGP,Tue,50,0
SGP,Tue,51,0
SGP,Tue,52,0
SGP,Tue,53,0
SGP,Tue,54,0
SGP,Tue,55,0
SGP,Tue,56,0
SGP,Tue,57,0
SGP,Tue,58,0
SGP,Tue,59,0
SGP,Tue,60,0
SGP,Tue,61,0
SGP,Tue,62,0
SGP,Tue,63,0
SGP,Tue,64,0
SGP,Tue,65,0
SGP,Tue,66,0
SGP,Tue,67,0
SGP,Tue,68,0
SGP,Tue,69,0
SGP,Tue,70,0
SGP,Tue,71,0
SGP,Tue,72,0
SGP,Tue,73,0
SGP,Wed,0,0
SGP,Wed,1,0
SGP,Wed,2,0
SGP,Wed,3,0
SGP,Wed,4,0
SGP,Wed,5,0
SGP,Wed,6,0
SGP,Wed,7,0
SGP,Wed,8,0
SGP,Wed,9,0
SGP,Wed,10,0
SGP,Wed,11,0
SGP,Wed,12,0
SGP,Wed,13,0
SGP,Wed,14,0
SGP,Wed,15,0
SGP,Wed,16,0
SGP,Wed,17,0
SGP,Wed,18,0
SGP,Wed,19,0
SGP,Wed,20,0
SGP,Wed,21,0
SGP,Wed,22,0
SGP,Wed,23,0
SGP,Wed,24,0
SGP,Wed,25,0
SGP,Wed,26,0
SGP,Wed,27,0
SGP,Wed,28,0
SGP,Wed,29,0
SGP,Wed,30,0
SGP,Wed,31,0
SGP,Wed,32,0
SGP,Wed,33,0
SGP,Wed,34,0
SGP,Wed,35,0
SGP,Wed,36,0
SGP,Wed,37,0
SGP,Wed,38,0
SGP,Wed,39,0
SGP,Wed,40,0
SGP,Wed,41,0
SGP,Wed,42,0
SGP,Wed,43,0
SGP,Wed,44,0
SGP,Wed,45,0
SGP,Wed,46,0
SGP,Wed,47,0
SGP,Wed,48,0
SGP,Wed,49,0
SGP,Wed,50,0
SGP,Wed,51,0
SGP,Wed,52,0
SGP,Wed,53,0
SGP,Wed,54,0
SGP,Wed,55,0
SGP,Wed,56,0
SGP,Wed,57,0
SGP,Wed,58,0
SGP,Wed,59,0
SGP,Wed,60,0
SGP,Wed,61,0
SGP,Wed,62,0
SGP,Wed,63,0
SGP,Wed,64,0
SGP,Wed,65,0
SGP,Wed,66,0
SGP,Wed,67,0
SGP,Wed,68,0
SGP,Wed,69,0
SGP,Wed,70,0
SGP,Wed,71,0
SGP,Wed,72,0
SGP,Wed,73,0
SGP,Thu,0,0
SGP,Thu,1,0
SGP,Thu,2,0
SGP,Thu,3,0
SGP,Thu,4,0
SGP,Thu,5,0
SGP,Thu,6,0
SGP,Thu,7,0
SGP,Thu,8,0
SGP,Thu,9,0
SGP,Thu,10,0
SGP,Thu,11,0
SGP,Thu,12,0
SGP,Thu,13,0
SGP,Thu,14,0
SGP,Thu,15,0
SGP,Thu,16,0
SGP,Thu,17,0
SGP,Thu,18,0
SGP,Thu,19,0
SGP,Thu,20,0
SGP,Thu,21,0
SGP,Thu,22,0
SGP,Thu,23,0
SGP,Thu,24,0
SGP,Thu,25,0
SGP,Thu,26,0
SGP,Thu,27,0
SGP,Thu,28,0
SGP,Thu,29,0
SGP,Thu,30,0
SGP,Thu,31,0
SGP,Thu,32,0
SGP,Thu,33,0
SGP,Thu,34,0
SGP,Thu,35,0
SGP,Thu,36,0
SGP,Thu,37,0
SGP,Thu,38,0
SGP,Thu,39,0
SGP,Thu,40,0
SGP,Thu,41,0
SGP,Thu,42,0
SGP,Thu,43,0
SGP,Thu,44,0
SGP,Thu,45,0
SGP,Thu,46,0
SGP,Thu,47,0
SGP,Thu,48,0
SGP,Thu,49,0
SGP,Thu,50,0
SGP,Thu,51,0
SGP,Thu,52,0
SGP,Thu,53,0
SGP,Thu,54,0
SGP,Thu,55,0
SGP,Thu,56,0
SGP,Thu,57,0
SGP,Thu,58,0
SGP,Thu,59,0
SGP,Thu,60,0
SGP,Thu,61,0
SGP,Thu,62,0
SGP,Thu,63,0
SGP,Thu,64,0
SGP,Thu,65,0
SGP,Thu,66,0
SGP,Thu,67,0
SGP,Thu,68,0
SGP,Thu,69,0
SGP,Thu,70,0
SGP,Thu,71,0
SGP,Thu,72,0
SGP,Thu,73,0
SGP,Fri,0,0
SGP,Fri,1,0
SGP,Fri,2,0
SGP,Fri,3,0
SGP,Fri,4,0
SGP,Fri,5,0
SGP,Fri,6,0
SGP,Fri,7,0
SGP,Fri,8,0
SGP,Fri,9,0
SGP,Fri,10,0
SGP,Fri,11,0
SGP,Fri,12,0
SGP,Fri,13,0
SGP,Fri,14,0
SGP,Fri,15,0
SGP,Fri,16,0
SGP,Fri,17,0
SGP,Fri,18,0
SGP,Fri,19,0
SGP,Fri,20,0
SGP,Fri,21,0
SGP,Fri,22,0
SGP,Fri,23,0
SGP,Fri,24,0
SGP,Fri,25,0
SGP,Fri,26,0
SGP,Fri,27,0
SGP,Fri,28,0
SGP,Fri,29,0
SGP,Fri,30,0
SGP,Fri,31,0
SGP,Fri,32,0
SGP,Fri,33,0
SGP,Fri,34,0
SGP,Fri,35,0
SGP,Fri,36,0
SGP,Fri,37,0
SGP,Fri,38,0
SGP,Fri,39,0
SGP,Fri,40,0
SGP,Fri,41,0
SGP,Fri,42,0
SGP,Fri,43,0
SGP,Fri,44,0
SGP,Fri,45,0
SGP,Fri,46,0
SGP,Fri,47,0
SGP,Fri,48,0
SGP,Fri,49,0
SGP,Fri,50,0
SGP,Fri,51,0
SGP,Fri,52,0
SGP,Fri,53,0
SGP,Fri,54,0
SGP,Fri,55,0
SGP,Fri,56,0
SGP,Fri,57,0
SGP,Fri,58,0
SGP,Fri,59,0
SGP,Fri,60,0
SGP,Fri,61,0
SGP,Fri,62,0
SGP,Fri,63,0
SGP,Fri,64,0
SGP,Fri,65,0
SGP,Fri,66,0
SGP,Fri,67,0
SGP,Fri,68,0
SGP,Fri,69,0
SGP,Fri,70,0
SGP,Fri,71,0
SGP,Fri,72,0
SGP,Fri,73,0
SGP,Sat,0,0
SGP,Sat,1,0
SGP,Sat,2,0
SGP,Sat,3,0
SGP,Sat,4,0
SGP,Sat,5,0
SGP,Sat,6,0
SGP,Sat,7,0
SGP,Sat,8,0
SGP,Sat,9,0
SGP,Sat,10,0
SGP,Sat,11,0
SGP,Sat,12,0
SGP,Sat,13,0
SGP,Sat,14,0
SGP,Sat,15,0
SGP,Sat,16,0
SGP,Sat,17,0
SGP,Sat,18,0
SGP,Sat,19,0
SGP,Sat,20,0
SGP,Sat,21,0
SGP,Sat,22,0
SGP,Sat,23,0
SGP,Sat,24,0
SGP,Sat,25,0
SGP,Sat,26,0
SGP,Sat,27,0
SGP,Sat,28,0
SGP,Sat,29,0
SGP,Sat,30,0
SGP,Sat,31,0
SGP,Sat,32,0
SGP,Sat,33,0
SGP,Sat,34,0
SGP,Sat,35,0
SGP,Sat,36,0
SGP,Sat,37,0
SGP,Sat,38,0
SGP,Sat,39,0
SGP,Sat,40,0
SGP,Sat,41,0
SGP,Sat,42,0
SGP,Sat,43,0
SGP,Sat,44,0
SGP,Sat,45,0
SGP,Sat,46,0
SGP,Sat,47,0
SGP,Sat,48,0
SGP,Sat,49,0
SGP,Sat,50,0
SGP,Sat,51,0
SGP,Sat,52,0
SGP,Sat,53,0
SGP,Sat,54,0
SGP,Sat,55,0
SGP,Sat,56,0
SGP,Sat,57,0
SGP,Sat,58,0
SGP,Sat,59,0
SGP,Sat,60,0
SGP,Sat,61,0
SGP,Sat,62,0
SGP,Sat,63,0
SGP,Sat,64,0
SGP,Sat,65,0
SGP,Sat,66,0
SGP,Sat,67,0
SGP,Sat,68,0
SGP,Sat,69,0
SGP,Sat,70,0
SGP,Sat,71,0
SGP,Sat,72,0
SGP,Sat,73,0
THA,Sun,0,0
THA,Sun,1,0
THA,Sun,2,0
THA,Sun,3,0
THA,Sun,4,0
THA,Sun,5,0
THA,Sun,6,0
THA,Sun,7,0
THA,Sun,8,0
THA,Sun,9,0
THA,Sun,10,0
THA,Sun,11,0
THA,Sun,12,0
THA,Sun,13,0
THA,Sun,14,0
THA,Sun,15,0
THA,Sun,16,0
THA,Sun,17,0
THA,Sun,18,0
THA,Sun,19,0
THA,Sun,20,0
THA,Sun,21,0
THA,Sun,22,0
THA,Sun,23,0
THA,Sun,24,0
THA,Sun,25,0
THA,Sun,26,0
THA,Sun,27,0
THA,Sun,28,0
THA,Sun,29,0
THA,Sun,30,0
THA,Sun,31,0
THA,Sun,32,0
THA,Sun,33,0
THA,Sun,34,0
THA,Sun,35,0
THA,Sun,36,0
THA,Sun,37,0
THA,Sun,38,0
THA,Sun,39,0
THA,Sun,40,0
THA,Sun,41,0
THA,Sun,42,0
THA,Sun,43,0
THA,Sun,44,0
THA,Sun,45,0
THA,Sun,46,0
THA,Sun,47,0
THA,Sun,48,0
THA,Sun,49,0
THA,Sun,50,0
THA,Sun,51,0
THA,Sun,52,0
THA,Sun,53,0
THA,Sun,54,0
THA,Sun,55,0
THA,Sun,56,0
THA,Sun,57,0
THA,Sun,58,0
THA,Sun,59,0
THA,Sun,60,0
THA,Sun,61,0
THA,Sun,62,0
THA,Sun,63,0
THA,Sun,64,0
THA,Sun,65,0
THA,Sun,66,0
THA,Sun,67,0
THA,Sun,68,0
THA,Sun,69,0
THA,Sun,70,0
THA,Sun,71,0
THA,Sun,72,0
THA,Sun,73,0
THA,Mon,0,0
THA,Mon,1,0
THA,Mon,2,0
THA,Mon,3,0
THA,Mon,4,0
THA,Mon,5,0
THA,Mon,6,0
THA,Mon,7,0
THA,Mon,8,0
THA,Mon,9,0
THA,Mon,10,0
THA,Mon,11,0
THA,Mon,12,0
THA,Mon,13,0
THA,Mon,14,0
THA,Mon,15,0
THA,Mon,16,0
THA,Mon,17,0
THA,Mon,18,0
THA,Mon,19,0
THA,Mon,20,0
THA,Mon,21,0
THA,Mon,22,0
THA,Mon,23,0
THA,Mon,24,0
THA,Mon,25,0
THA,Mon,26,0
THA,Mon,27,0
THA,Mon,28,0
THA,Mon,29,0
THA,Mon,30,0
THA,Mon,31,0
THA,Mon,32,0
THA,Mon,33,0
THA,Mon,34,0
THA,Mon,35,0
THA,Mon,36,0
THA,Mon,37,0
THA,Mon,38,0
THA,Mon,39,0
THA,Mon,40,0
THA,Mon,41,0
THA,Mon,42,0
THA,Mon,43,0
THA,Mon,44,0
THA,Mon,45,0
THA,Mon,46,0
THA,Mon,47,0
THA,Mon,48,0
THA,Mon,49,0
THA,Mon,50,0
THA,Mon,51,0
THA,Mon,52,0
THA,Mon,53,0
THA,Mon,54,0
THA,Mon,55,0
THA,Mon,56,0
THA,Mon,57,0
THA,Mon,58,0
THA,Mon,59,0
THA,Mon,60,0
THA,Mon,61,0
THA,Mon,62,0
THA,Mon,63,0
THA,Mon,64,0
THA,Mon,65,0
THA,Mon,66,0
THA,Mon,67,0
THA,Mon,68,0
THA,Mon,69,0
THA,Mon,70,0
THA,Mon,71,0
THA,Mon,72,0
THA,Mon,73,0
THA,Tue,0,0
THA,Tue,1,0
THA,Tue,2,0
THA,Tue,3,0
THA,Tue,4,0
THA,Tue,5,0
THA,Tue,6,0
THA,Tue,7,0
THA,Tue,8,0
THA,Tue,9,0
THA,Tue,10,0
THA,Tue,11,0
THA,Tue,12,0
THA,Tue,13,0
THA,Tue,14,0
THA,Tue,15,0
THA,Tue,16,0
THA,Tue,17,0
THA,Tue,18,0
THA,Tue,19,0
THA,Tue,20,0
THA,Tue,21,0
THA,Tue,22,0
THA,Tue,23,0
THA,Tue,24,0
THA,Tue,25,0
THA,Tue,26,0
THA,Tue,27,0
THA,Tue,28,0
THA,Tue,29,0
THA,Tue,30,0
THA,Tue,31,0
THA,Tue,32,0
THA,Tue,33,0
THA,Tue,34,0
THA,Tue,35,0
THA,Tue,36,0
THA,Tue,37,0
THA,Tue,38,0
THA,Tue,39,0
THA,Tue,40,0
THA,Tue,41,0
THA,Tue,42,0
THA,Tue,43,0
THA,Tue,44,0
THA,Tue,45,0
THA,Tue,46,0
THA,Tue,47,0
THA,Tue,48,0
THA,Tue,49,0
THA,Tue,50,0
THA,Tue,51,0
THA,Tue,52,0
THA,Tue,53,0
THA,Tue,54,0
THA,Tue,55,0
THA,Tue,56,0
THA,Tue,57,0
THA,Tue,58,0
THA,Tue,59,0
THA,Tue,60,0
THA,Tue,61,0
THA,Tue,62,0
THA,Tue,63,0
THA,Tue,64,0
THA,Tue,65,0
THA,Tue,66,0
THA,Tue,67,0
THA,Tue,68,0
THA,Tue,69,0
THA,Tue,70,0
THA,Tue,71,0
THA,Tue,72,0
THA,Tue,73,0
THA,Wed,0,0
THA,Wed,1,0
THA,Wed,2,0
THA,Wed,3,0
THA,Wed,4,0
THA,Wed,5,0
THA,Wed,6,0
THA,Wed,7,0
THA,Wed,8,0
THA,Wed,9,0
THA,Wed,10,0
THA,Wed,11,0
THA,Wed,12,0
THA,Wed,13,0
THA,Wed,14,0
THA,Wed,15,0
THA,Wed,16,0
THA,Wed,17,0
THA,Wed,18,0
THA,Wed,19,0
THA,Wed,20,0
THA,Wed,21,0
THA,Wed,22,0
THA,Wed,23,0
THA,Wed,24,0
THA,Wed,25,0
THA,Wed,26,0
THA,Wed,27,0
THA,Wed,28,0
THA,Wed,29,0
THA,Wed,30,0
THA,Wed,31,0
THA,Wed,32,0
THA,Wed,33,0
THA,Wed,34,0
THA,Wed,35,0
THA,Wed,36,0
THA,Wed,37,0
THA,Wed,38,0
THA,Wed,39,0
THA,Wed,40,0
THA,Wed,41,0
THA,Wed,42,0
THA,Wed,43,0
THA,Wed,44,0
THA,Wed,45,0
THA,Wed,46,0
THA,Wed,47,0
THA,Wed,48,0
THA,Wed,49,0
THA,Wed,50,0
THA,Wed,51,0
THA,Wed,52,0
THA,Wed,53,0
THA,Wed,54,0
THA,Wed,55,0
THA,Wed,56,0
THA,Wed,57,0
THA,Wed,58,0
THA,Wed,59,0
THA,Wed,60,0
THA,Wed,61,0
THA,Wed,62,0
THA,Wed,63,0
THA,Wed,64,0
THA,Wed,65,0
THA,Wed,66,0
THA,Wed,67,0
THA,Wed,68,0
THA,Wed,69,0
THA,Wed,70,0
THA,Wed,71,0
THA,Wed,72,0
THA,Wed,73,0
THA,Thu,0,0
THA,Thu,1,0
THA,Thu,2,0
THA,Thu,3,0
THA,Thu,4,0
THA,Thu,5,0
THA,Thu,6,0
THA,Thu,7,0
THA,Thu,8,0
THA,Thu,9,0
THA,Thu,10,0
THA,Thu,11,0
THA,Thu,12,0
THA,Thu,13,0
THA,Thu,14,0
THA,Thu,15,0
THA,Thu,16,0
THA,Thu,17,0
THA,Thu,18,0
THA,Thu,19,0
THA,Thu,20,0
THA,Thu,21,0
THA,Thu,22,0
THA,Thu,23,0
THA,Thu,24,0
THA,Thu,25,0
THA,Thu,26,0
THA,Thu,27,0
THA,Thu,28,0
THA,Thu,29,0
THA,Thu,30,0
THA,Thu,31,0
THA,Thu,32,0
THA,Thu,33,0
THA,Thu,34,0
THA,Thu,35,0
THA,Thu,36,0
THA,Thu,37,0
THA,Thu,38,0
THA,Thu,39,0
THA,Thu,40,0
THA,Thu,41,0
THA,Thu,42,0
THA,Thu,43,0
THA,Thu,44,0
THA,Thu,45,0
THA,Thu,46,0
THA,Thu,47,0
THA,Thu,48,0
THA,Thu,49,0
THA,Thu,50,0
THA,Thu,51,0
THA,Thu,52,0
THA,Thu,53,0
THA,Thu,54,0
THA,Thu,55,0
THA,Thu,56,0
THA,Thu,57,0
THA,Thu,58,0
THA,Thu,59,0
THA,Thu,60,0
THA,Thu,61,0
THA,Thu,62,0
THA,Thu,63,0
THA,Thu,64,0
THA,Thu,65,0
THA,Thu,66,0
THA,Thu,67,0
THA,Thu,68,0
THA,Thu,69,0
THA,Thu,70,0
THA,Thu,71,0
THA,Thu,72,0
THA,Thu,73,0
THA,Fri,0,0
THA,Fri,1,0
THA,Fri,2,0
THA,Fri,3,0
THA,Fri,4,0
THA,Fri,5,0
THA,Fri,6,0
THA,Fri,7,0
THA,Fri,8,0
THA,Fri,9,0
THA,Fri,10,0
THA,Fri,11,0
THA,Fri,12,0
THA,Fri,13,0
THA,Fri,14,0
THA,Fri,15,0
THA,Fri,16,0
THA,Fri,17,0
THA,Fri,18,0
THA,Fri,19,0
THA,Fri,20,0
THA,Fri,21,0
THA,Fri,22,0
THA,Fri,23,0
THA,Fri,24,0
THA,Fri,25,0
THA,Fri,26,0
THA,Fri,27,0
THA,Fri,28,0
THA,Fri,29,0
THA,Fri,30,0
THA,Fri,31,0
THA,Fri,32,0
THA,Fri,33,0
THA,Fri,34,0
THA,Fri,35,0
THA,Fri,36,0
THA,Fri,37,0
THA,Fri,38,0
THA,Fri,39,0
THA,Fri,40,0
THA,Fri,41,0
THA,Fri,42,0
THA,Fri,43,0
THA,Fri,44,0
THA,Fri,45,0
THA,Fri,46,0
THA,Fri,47,0
THA,Fri,48,0
THA,Fri,49,0
THA,Fri,50,0
THA,Fri,51,0
THA,Fri,52,0
THA,Fri,53,0
THA,Fri,54,0
THA,Fri,55,0
THA,Fri,56,0
THA,Fri,57,0
THA,Fri,58,0
THA,Fri,59,0
THA,Fri,60,0
THA,Fri,61,0
THA,Fri,62,0
THA,Fri,63,0
THA,Fri,64,0
THA,Fri,65,0
THA,Fri,66,0
THA,Fri,67,0
THA,Fri,68,0
THA,Fri,69,0
THA,Fri,70,0
THA,Fri,71,0
THA,Fri,72,0
THA,Fri,73,0
THA,Sat,0,0
THA,Sat,1,0
THA,Sat,2,0
THA,Sat,3,0
THA,Sat,4,0
THA,Sat,5,0
THA,Sat,6,0
THA,Sat,7,0
THA,Sat,8,0
THA,Sat,9,0
THA,Sat,10,0
THA,Sat,11,0
THA,Sat,12,0
THA,Sat,13,0
THA,Sat,14,0
THA,Sat,15,0
THA,Sat,16,0
THA,Sat,17,0
THA,Sat,18,0
THA,Sat,19,0
THA,Sat,20,0
THA,Sat,21,0
THA,Sat,22,0
THA,Sat,23,0
THA,Sat,24,0
THA,Sat,25,0
THA,Sat,26,0
THA,Sat,27,0
THA,Sat,28,0
THA,Sat,29,0
THA,Sat,30,0
THA,Sat,31,0
THA,Sat,32,0
THA,Sat,33,0
THA,Sat,34,0
THA,Sat,35,0
THA,Sat,36,0
THA,Sat,37,0
THA,Sat,38,0
THA,Sat,39,0
THA,Sat,40,0
THA,Sat,41,0
THA,Sat,42,0
THA,Sat,43,0
THA,Sat,44,0
THA,Sat,45,0
THA,Sat,46,0
THA,Sat,47,0
THA,Sat,48,0
THA,Sat,49,0
THA,Sat,50,0
THA,Sat,51,0
THA,Sat,52,0
THA,Sat,53,0
THA,Sat,54,0
THA,Sat,55,0
THA,Sat,56,0
THA,Sat,57,0
THA,Sat,58,0
THA,Sat,59,0
THA,Sat,60,0
THA,Sat,61,0
THA,Sat,62,0
THA,Sat,63,0
THA,Sat,64,0
THA,Sat,65,0
THA,Sat,66,0
THA,Sat,67,0
THA,Sat,68,0
THA,Sat,69,0
THA,Sat,70,0
THA,Sat,71,0
THA,Sat,72,0
THA,Sat,73,0
TIW,Sun,0,0
TIW,Sun,1,0
TIW,Sun,2,0
TIW,Sun,3,0
TIW,Sun,4,0
TIW,Sun,5,0
TIW,Sun,6,0
TIW,Sun,7,0
TIW,Sun,8,0
TIW,Sun,9,0
TIW,Sun,10,0
TIW,Sun,11,0
TIW,Sun,12,0
TIW,Sun,13,0
TIW,Sun,14,0
TIW,Sun,15,0
TIW,Sun,16,0
TIW,Sun,17,0
TIW,Sun,18,0
TIW,Sun,19,0
TIW,Sun,20,0
TIW,Sun,21,0
TIW,Sun,22,0
TIW,Sun,23,0
TIW,Sun,24,0
TIW,Sun,25,0
TIW,Sun,26,0
TIW,Sun,27,0
TIW,Sun,28,0
TIW,Sun,29,0
TIW,Sun,30,0
TIW,Sun,31,0
TIW,Sun,32,0
TIW,Sun,33,0
TIW,Sun,34,0
TIW,Sun,35,0
TIW,Sun,36,0
TIW,Sun,37,0
TIW,Sun,38,0
TIW,Sun,39,0
TIW,Sun,40,0
TIW,Sun,41,0
TIW,Sun,42,0
TIW,Sun,43,0
TIW,Sun,44,0
TIW,Sun,45,0
TIW,Sun,46,0
TIW,Sun,47,0
TIW,Sun,48,0
TIW,Sun,49,0
TIW,Sun,50,0
TIW,Sun,51,0
TIW,Sun,52,0
TIW,Sun,53,0
TIW,Sun,54,0
TIW,Sun,55,0
TIW,Sun,56,0
TIW,Sun,57,0
TIW,Sun,58,0
TIW,Sun,59,0
TIW,Sun,60,0
TIW,Sun,61,0
TIW,Sun,62,0
TIW,Sun,63,0
TIW,Sun,64,0
TIW,Sun,65,0
TIW,Sun,66,0
TIW,Sun,67,0
TIW,Sun,68,0
TIW,Sun,69,0
TIW,Sun,70,0
TIW,Sun,71,0
TIW,Sun,72,0
TIW,Sun,73,0
TIW,Mon,0,0
TIW,Mon,1,0
TIW,Mon,2,0
TIW,Mon,3,0
TIW,Mon,4,0
TIW,Mon,5,0
TIW,Mon,6,0
TIW,Mon,7,0
TIW,Mon,8,0
TIW,Mon,9,0
TIW,Mon,10,0
TIW,Mon,11,0
TIW,Mon,12,0
TIW,Mon,13,0
TIW,Mon,14,0
TIW,Mon,15,0
TIW,Mon,16,0
TIW,Mon,17,0
TIW,Mon,18,0
TIW,Mon,19,0
TIW,Mon,20,0
TIW,Mon,21,0
TIW,Mon,22,0
TIW,Mon,23,0
TIW,Mon,24,0
TIW,Mon,25,0
TIW,Mon,26,0
TIW,Mon,27,0
TIW,Mon,28,0
TIW,Mon,29,0
TIW,Mon,30,0
TIW,Mon,31,0
TIW,Mon,32,0
TIW,Mon,33,0
TIW,Mon,34,0
TIW,Mon,35,0
TIW,Mon,36,0
TIW,Mon,37,0
TIW,Mon,38,0
TIW,Mon,39,0
TIW,Mon,40,0
TIW,Mon,41,0
TIW,Mon,42,0
TIW,Mon,43,0
TIW,Mon,44,0
TIW,Mon,45,0
TIW,Mon,46,0
TIW,Mon,47,0
TIW,Mon,48,0
TIW,Mon,49,0
TIW,Mon,50,0
TIW,Mon,51,0
TIW,Mon,52,0
TIW,Mon,53,0
TIW,Mon,54,0
TIW,Mon,55,0
TIW,Mon,56,0
TIW,Mon,57,0
TIW,Mon,58,0
TIW,Mon,59,0
TIW,Mon,60,0
TIW,Mon,61,0
TIW,Mon,62,0
TIW,Mon,63,0
TIW,Mon,64,0
TIW,Mon,65,0
TIW,Mon,66,0
TIW,Mon,67,0
TIW,Mon,68,0
TIW,Mon,69,0
TIW,Mon,70,0
TIW,Mon,71,0
TIW,Mon,72,0
TIW,Mon,73,0
TIW,Tue,0,0
TIW,Tue,1,0
TIW,Tue,2,0
TIW,Tue,3,0
TIW,Tue,4,0
TIW,Tue,5,0
TIW,Tue,6,0
TIW,Tue,7,0
TIW,Tue,8,0
TIW,Tue,9,0
TIW,Tue,10,0
TIW,Tue,11,0
TIW,Tue,12,0
TIW,Tue,13,0
TIW,Tue,14,0
TIW,Tue,15,0
TIW,Tue,16,0
TIW,Tue,17,0
TIW,Tue,18,0
TIW,Tue,19,0
TIW,Tue,20,0
TIW,Tue,21,0
TIW,Tue,22,0
TIW,Tue,23,0
TIW,Tue,24,0
TIW,Tue,25,0
TIW,Tue,26,0
TIW,Tue,27,0
TIW,Tue,28,0
TIW,Tue,29,0
TIW,Tue,30,0
TIW,Tue,31,0
TIW,Tue,32,0
TIW,Tue,33,0
TIW,Tue,34,0
TIW,Tue,35,0
TIW,Tue,36,0
TIW,Tue,37,0
TIW,Tue,38,0
TIW,Tue,39,0
TIW,Tue,40,0
TIW,Tue,41,0
TIW,Tue,42,0
TIW,Tue,43,0
TIW,Tue,44,0
TIW,Tue,45,0
TIW,Tue,46,0
TIW,Tue,47,0
TIW,Tue,48,0
TIW,Tue,49,0
TIW,Tue,50,0
TIW,Tue,51,0
TIW,Tue,52,0
TIW,Tue,53,0
TIW,Tue,54,0
TIW,Tue,55,0
TIW,Tue,56,0
TIW,Tue,57,0
TIW,Tue,58,0
TIW,Tue,59,0
TIW,Tue,60,0
TIW,Tue,61,0
TIW,Tue,62,0
TIW,Tue,63,0
TIW,Tue,64,0
TIW,Tue,65,0
TIW,Tue,66,0
TIW,Tue,67,0
TIW,Tue,68,0
TIW,Tue,69,0
TIW,Tue,70,0
TIW,Tue,71,0
TIW,Tue,72,0
TIW,Tue,73,0
TIW,Wed,0,0
TIW,Wed,1,0
TIW,Wed,2,0
TIW,Wed,3,0
TIW,Wed,4,0
TIW,Wed,5,0
TIW,Wed,6,0
TIW,Wed,7,0
TIW,Wed,8,0
TIW,Wed,9,0
TIW,Wed,10,0
TIW,Wed,11,0
TIW,Wed,12,0
TIW,Wed,13,0
TIW,Wed,14,0
TIW,Wed,15,0
TIW,Wed,16,0
TIW,Wed,17,0
TIW,Wed,18,0
TIW,Wed,19,0
TIW,Wed,20,0
TIW,Wed,21,0
TIW,Wed,22,0
TIW,Wed,23,0
TIW,Wed,24,0
TIW,Wed,25,0
TIW,Wed,26,0
TIW,Wed,27,0
TIW,Wed,28,0
TIW,Wed,29,0
TIW,Wed,30,0
TIW,Wed,31,0
TIW,Wed,32,0
TIW,Wed,33,0
TIW,Wed,34,0
TIW,Wed,35,0
TIW,Wed,36,0
TIW,Wed,37,0
TIW,Wed,38,0
TIW,Wed,39,0
TIW,Wed,40,0
TIW,Wed,41,0
TIW,Wed,42,0
TIW,Wed,43,0
TIW,Wed,44,0
TIW,Wed,45,0
TIW,Wed,46,0
TIW,Wed,47,0
TIW,Wed,48,0
TIW,Wed,49,0
TIW,Wed,50,0
TIW,Wed,51,0
TIW,Wed,52,0
TIW,Wed,53,0
TIW,Wed,54,0
TIW,Wed,55,0
TIW,Wed,56,0
TIW,Wed,57,0
TIW,Wed,58,0
TIW,Wed,59,0
TIW,Wed,60,0
TIW,Wed,61,0
TIW,Wed,62,0
TIW,Wed,63,0
TIW,Wed,64,0
TIW,Wed,65,0
TIW,Wed,66,0
TIW,Wed,67,0
TIW,Wed,68,0
TIW,Wed,69,0
TIW,Wed,70,0
TIW,Wed,71,0
TIW,Wed,72,0
TIW,Wed,73,0
TIW,Thu,0,0
TIW,Thu,1,0
TIW,Thu,2,0
TIW,Thu,3,0
TIW,Thu,4,0
TIW,Thu,5,0
TIW,Thu,6,0
TIW,Thu,7,0
TIW,Thu,8,0
TIW,Thu,9,0
TIW,Thu,10,0
TIW,Thu,11,0
TIW,Thu,12,0
TIW,Thu,13,0
TIW,Thu,14,0
TIW,Thu,15,0
TIW,Thu,16,0
TIW,Thu,17,0
TIW,Thu,18,0
TIW,Thu,19,0
TIW,Thu,20,0
TIW,Thu,21,0
TIW,Thu,22,0
TIW,Thu,23,0
TIW,Thu,24,0
TIW,Thu,25,0
TIW,Thu,26,0
TIW,Thu,27,0
TIW,Thu,28,0
TIW,Thu,29,0
TIW,Thu,30,0
TIW,Thu,31,0
TIW,Thu,32,0
TIW,Thu,33,0
TIW,Thu,34,0
TIW,Thu,35,0
TIW,Thu,36,0
TIW,Thu,37,0
TIW,Thu,38,0
TIW,Thu,39,0
TIW,Thu,40,0
TIW,Thu,41,0
TIW,Thu,42,0
TIW,Thu,43,0
TIW,Thu,44,0
TIW,Thu,45,0
TIW,Thu,46,0
TIW,Thu,47,0
TIW,Thu,48,0
TIW,Thu,49,0
TIW,Thu,50,0
TIW,Thu,51,0
TIW,Thu,52,0
TIW,Thu,53,0
TIW,Thu,54,0
TIW,Thu,55,0
TIW,Thu,56,0
TIW,Thu,57,0
TIW,Thu,58,0
TIW,Thu,59,0
TIW,Thu,60,0
TIW,Thu,61,0
TIW,Thu,62,0
TIW,Thu,63,0
TIW,Thu,64,0
TIW,Thu,65,0
TIW,Thu,66,0
TIW,Thu,67,0
TIW,Thu,68,0
TIW,Thu,69,0
TIW,Thu,70,0
TIW,Thu,71,0
TIW,Thu,72,0
TIW,Thu,73,0
TIW,Fri,0,0
TIW,Fri,1,0
TIW,Fri,2,0
TIW,Fri,3,0
TIW,Fri,4,0
TIW,Fri,5,0
TIW,Fri,6,0
TIW,Fri,7,0
TIW,Fri,8,0
TIW,Fri,9,0
TIW,Fri,10,0
TIW,Fri,11,0
TIW,Fri,12,0
TIW,Fri,13,0
TIW,Fri,14,0
TIW,Fri,15,0
TIW,Fri,16,0
TIW,Fri,17,0
TIW,Fri,18,0
TIW,Fri,19,0
TIW,Fri,20,0
TIW,Fri,21,0
TIW,Fri,22,0
TIW,Fri,23,0
TIW,Fri,24,0
TIW,Fri,25,0
TIW,Fri,26,0
TIW,Fri,27,0
TIW,Fri,28,0
TIW,Fri,29,0
TIW,Fri,30,0
TIW,Fri,31,0
TIW,Fri,32,0
TIW,Fri,33,0
TIW,Fri,34,0
TIW,Fri,35,0
TIW,Fri,36,0
TIW,Fri,37,0
TIW,Fri,38,0
TIW,Fri,39,0
TIW,Fri,40,0
TIW,Fri,41,0
TIW,Fri,42,0
TIW,Fri,43,0
TIW,Fri,44,0
TIW,Fri,45,0
TIW,Fri,46,0
TIW,Fri,47,0
TIW,Fri,48,0
TIW,Fri,49,0
TIW,Fri,50,0
TIW,Fri,51,0
TIW,Fri,52,0
TIW,Fri,53,0
TIW,Fri,54,0
TIW,Fri,55,0
TIW,Fri,56,0
TIW,Fri,57,0
TIW,Fri,58,0
TIW,Fri,59,0
TIW,Fri,60,0
TIW,Fri,61,0
TIW,Fri,62,0
TIW,Fri,63,0
TIW,Fri,64,0
TIW,Fri,65,0
TIW,Fri,66,0
TIW,Fri,67,0
TIW,Fri,68,0
TIW,Fri,69,0
TIW,Fri,70,0
TIW,Fri,71,0
TIW,Fri,72,0
TIW,Fri,73,0
TIW,Sat,0,0
TIW,Sat,1,0
TIW,Sat,2,0
TIW,Sat,3,0
TIW,Sat,4,0
TIW,Sat,5,0
TIW,Sat,6,0
TIW,Sat,7,0
TIW,Sat,8,0
TIW,Sat,9,0
TIW,Sat,10,0
TIW,Sat,11,0
TIW,Sat,12,0
TIW,Sat,13,0
TIW,Sat,14,0
TIW,Sat,15,0
TIW,Sat,16,0
TIW,Sat,17,0
TIW,Sat,18,0
TIW,Sat,19,0
TIW,Sat,20,0
TIW,Sat,21,0
TIW,Sat,22,0
TIW,Sat,23,0
TIW,Sat,24,0
TIW,Sat,25,0
TIW,Sat,26,0
TIW,Sat,27,0
TIW,Sat,28,0
TIW,Sat,29,0
TIW,Sat,30,0
TIW,Sat,31,0
TIW,Sat,32,0
TIW,Sat,33,0
TIW,Sat,34,0
TIW,Sat,35,0
TIW,Sat,36,0
TIW,Sat,37,0
TIW,Sat,38,0
TIW,Sat,39,0
TIW,Sat,40,0
TIW,Sat,41,0
TIW,Sat,42,0
TIW,Sat,43,0
TIW,Sat,44,0
TIW,Sat,45,0
TIW,Sat,46,0
TIW,Sat,47,0
TIW,Sat,48,0
TIW,Sat,49,0
TIW,Sat,50,0
TIW,Sat,51,0
TIW,Sat,52,0
TIW,Sat,53,0
TIW,Sat,54,0
TIW,Sat,55,0
TIW,Sat,56,0
TIW,Sat,57,0
TIW,Sat,58,0
TIW,Sat,59,0
TIW,Sat,60,0
TIW,Sat,61,0
TIW,Sat,62,0
TIW,Sat,63,0
TIW,Sat,64,0
TIW,Sat,65,0
TIW,Sat,66,0
TIW,Sat,67,0
TIW,Sat,68,0
TIW,Sat,69,0
TIW,Sat,70,0
TIW,Sat,71,0
TIW,Sat,72,0
TIW,Sat,73,0
USA,Sun,0,0
USA,Sun,1,0
USA,Sun,2,0
USA,Sun,3,0
USA,Sun,4,0
USA,Sun,5,0
USA,Sun,6,0
USA,Sun,7,0
USA,Sun,8,0
USA,Sun,9,0
USA,Sun,10,0
USA,Sun,11,0
USA,Sun,12,0
USA,Sun,13,0
USA,Sun,14,0
USA,Sun,15,0
USA,Sun,16,0
USA,Sun,17,0
USA,Sun,18,0
USA,Sun,19,0
USA,Sun,20,0
USA,Sun,21,0
USA,Sun,22,0
USA,Sun,23,0
USA,Sun,24,0
USA,Sun,25,0
USA,Sun,26,0
USA,Sun,27,0
USA,Sun,28,0
USA,Sun,29,0
USA,Sun,30,0
USA,Sun,31,0
USA,Sun,32,0
USA,Sun,33,0
USA,Sun,34,0
USA,Sun,35,0
USA,Sun,36,0
USA,Sun,37,0
USA,Sun,38,0
USA,Sun,39,0
USA,Sun,40,0
USA,Sun,41,0
USA,Sun,42,0
USA,Sun,43,0
USA,Sun,44,0
USA,Sun,45,0
USA,Sun,46,0
USA,Sun,47,0
USA,Sun,48,0
USA,Sun,49,0
USA,Sun,50,0
USA,Sun,51,0
USA,Sun,52,0
USA,Sun,53,0
USA,Sun,54,0
USA,Sun,55,0
USA,Sun,56,0
USA,Sun,57,0
USA,Sun,58,0
USA,Sun,59,0
USA,Sun,60,0
USA,Sun,61,0
USA,Sun,62,0
USA,Sun,63,0
USA,Sun,64,0
USA,Sun,65,0
USA,Sun,66,0
USA,Sun,67,0
USA,Sun,68,0
USA,Sun,69,0
USA,Sun,70,0
USA,Sun,71,0
USA,Sun,72,0
USA,Sun,73,0
USA,Mon,0,0
USA,Mon,1,0
USA,Mon,2,0
USA,Mon,3,0
USA,Mon,4,0
USA,Mon,5,0
USA,Mon,6,0
USA,Mon,7,0
USA,Mon,8,0
USA,Mon,9,0
USA,Mon,10,0
USA,Mon,11,0
USA,Mon,12,0
USA,Mon,13,0
USA,Mon,14,0
USA,Mon,15,0
USA,Mon,16,0
USA,Mon,17,0
USA,Mon,18,0
USA,Mon,19,0
USA,Mon,20,0
USA,Mon,21,0
USA,Mon,22,0
USA,Mon,23,0
USA,Mon,24,0
USA,Mon,25,0
USA,Mon,26,0
USA,Mon,27,0
USA,Mon,28,0
USA,Mon,29,0
USA,Mon,30,0
USA,Mon,31,0
USA,Mon,32,0
USA,Mon,33,0
USA,Mon,34,0
USA,Mon,35,0
USA,Mon,36,0
USA,Mon,37,0
USA,Mon,38,0
USA,Mon,39,0
USA,Mon,40,0
USA,Mon,41,0
USA,Mon,42,0
USA,Mon,43,0
USA,Mon,44,0
USA,Mon,45,0
USA,Mon,46,0
USA,Mon,47,0
USA,Mon,48,0
USA,Mon,49,0
USA,Mon,50,0
USA,Mon,51,0
USA,Mon,52,0
USA,Mon,53,0
USA,Mon,54,0
USA,Mon,55,0
USA,Mon,56,0
USA,Mon,57,0
USA,Mon,58,0
USA,Mon,59,0
USA,Mon,60,0
USA,Mon,61,0
USA,Mon,62,0
USA,Mon,63,0
USA,Mon,64,0
USA,Mon,65,0
USA,Mon,66,0
USA,Mon,67,0
USA,Mon,68,0
USA,Mon,69,0
USA,Mon,70,0
USA,Mon,71,0
USA,Mon,72,0
USA,Mon,73,0
USA,Tue,0,0
USA,Tue,1,0
USA,Tue,2,0
USA,Tue,3,0
USA,Tue,4,0
USA,Tue,5,0
USA,Tue,6,0
USA,Tue,7,0
USA,Tue,8,0
USA,Tue,9,0
USA,Tue,10,0
USA,Tue,11,0
USA,Tue,12,0
USA,Tue,13,0
USA,Tue,14,0
USA,Tue,15,0
USA,Tue,16,0
USA,Tue,17,0
USA,Tue,18,0
USA,Tue,19,0
USA,Tue,20,0
USA,Tue,21,0
USA,Tue,22,0
USA,Tue,23,0
USA,Tue,24,0
USA,Tue,25,0
USA,Tue,26,0
USA,Tue,27,0
USA,Tue,28,0
USA,Tue,29,0
USA,Tue,30,0
USA,Tue,31,0
USA,Tue,32,0
USA,Tue,33,0
USA,Tue,34,0
USA,Tue,35,0
USA,Tue,36,0
USA,Tue,37,0
USA,Tue,38,0
USA,Tue,39,0
USA,Tue,40,0
USA,Tue,41,0
USA,Tue,42,0
USA,Tue,43,0
USA,Tue,44,0
USA,Tue,45,0
USA,Tue,46,0
USA,Tue,47,0
USA,Tue,48,0
USA,Tue,49,0
USA,Tue,50,0
USA,Tue,51,0
USA,Tue,52,0
USA,Tue,53,0
USA,Tue,54,0
USA,Tue,55,0
USA,Tue,56,0
USA,Tue,57,0
USA,Tue,58,0
USA,Tue,59,0
USA,Tue,60,0
USA,Tue,61,0
USA,Tue,62,0
USA,Tue,63,0
USA,Tue,64,0
USA,Tue,65,0
USA,Tue,66,0
USA,Tue,67,0
USA,Tue,68,0
USA,Tue,69,0
USA,Tue,70,0
USA,Tue,71,0
USA,Tue,72,0
USA,Tue,73,0
USA,Wed,0,0
USA,Wed,1,0
USA,Wed,2,0
USA,Wed,3,0
USA,Wed,4,0
USA,Wed,5,0
USA,Wed,6,0
USA,Wed,7,0
USA,Wed,8,0
USA,Wed,9,0
USA,Wed,10,0
USA,Wed,11,0
USA,Wed,12,0
USA,Wed,13,0
USA,Wed,14,0
USA,Wed,15,0
USA,Wed,16,0
USA,Wed,17,0
USA,Wed,18,0
USA,Wed,19,0
USA,Wed,20,0
USA,Wed,21,0
USA,Wed,22,0
USA,Wed,23,0
USA,Wed,24,0
USA,Wed,25,0
USA,Wed,26,0
USA,Wed,27,0
USA,Wed,28,0
USA,Wed,29,0
USA,Wed,30,0
USA,Wed,31,0
USA,Wed,32,0
USA,Wed,33,0
USA,Wed,34,0
USA,Wed,35,0
USA,Wed,36,0
USA,Wed,37,0
USA,Wed,38,0
USA,Wed,39,0
USA,Wed,40,0
USA,Wed,41,0
USA,Wed,42,0
USA,Wed,43,0
USA,Wed,44,0
USA,Wed,45,0
USA,Wed,46,0
USA,Wed,47,0
USA,Wed,48,0
USA,Wed,49,0
USA,Wed,50,0
USA,Wed,51,0
USA,Wed,52,0
USA,Wed,53,0
USA,Wed,54,0
USA,Wed,55,0
USA,Wed,56,0
USA,Wed,57,0
USA,Wed,58,0
USA,Wed,59,0
USA,Wed,60,0
USA,Wed,61,0
USA,Wed,62,0
USA,Wed,63,0
USA,Wed,64,0
USA,Wed,65,0
USA,Wed,66,0
USA,Wed,67,0
USA,Wed,68,0
USA,Wed,69,0
USA,Wed,70,0
USA,Wed,71,0
USA,Wed,72,0
USA,Wed,73,0
USA,Thu,0,0
USA,Thu,1,0
USA,Thu,2,0
USA,Thu,3,0
USA,Thu,4,0
USA,Thu,5,0
USA,Thu,6,0
USA,Thu,7,0
USA,Thu,8,0
USA,Thu,9,0
USA,Thu,10,0
USA,Thu,11,0
USA,Thu,12,0
USA,Thu,13,0
USA,Thu,14,0
USA,Thu,15,0
USA,Thu,16,0
USA,Thu,17,0
USA,Thu,18,0
USA,Thu,19,0
USA,Thu,20,0
USA,Thu,21,0
USA,Thu,22,0
USA,Thu,23,0
USA,Thu,24,0
USA,Thu,25,0
USA,Thu,26,0
USA,Thu,27,0
USA,Thu,28,0
USA,Thu,29,0
USA,Thu,30,0
USA,Thu,31,0
USA,Thu,32,0
USA,Thu,33,0
USA,Thu,34,0
USA,Thu,35,0
USA,Thu,36,0
USA,Thu,37,0
USA,Thu,38,0
USA,Thu,39,0
USA,Thu,40,0
USA,Thu,41,0
USA,Thu,42,0
USA,Thu,43,0
USA,Thu,44,0
USA,Thu,45,0
USA,Thu,46,0
USA,Thu,47,0
USA,Thu,48,0
USA,Thu,49,0
USA,Thu,50,0
USA,Thu,51,0
USA,Thu,52,0
USA,Thu,53,0
USA,Thu,54,0
USA,Thu,55,0
USA,Thu,56,0
USA,Thu,57,0
USA,Thu,58,0
USA,Thu,59,0
USA,Thu,60,0
USA,Thu,61,0
USA,Thu,62,0
USA,Thu,63,0
USA,Thu,64,0
USA,Thu,65,0
USA,Thu,66,0
USA,Thu,67,0
USA,Thu,68,0
USA,Thu,69,0
USA,Thu,70,0
USA,Thu,71,0
USA,Thu,72,0
USA,Thu,73,0
USA,Fri,0,0
USA,Fri,1,0
USA,Fri,2,0
USA,Fri,3,0
USA,Fri,4,0
USA,Fri,5,0
USA,Fri,6,0
USA,Fri,7,0
USA,Fri,8,0
USA,Fri,9,0
USA,Fri,10,0
USA,Fri,11,0
USA,Fri,12,0
USA,Fri,13,0
USA,Fri,14,0
USA,Fri,15,0
USA,Fri,16,0
USA,Fri,17,0
USA,Fri,18,0
USA,Fri,19,0
USA,Fri,20,0
USA,Fri,21,0
USA,Fri,22,0
USA,Fri,23,0
USA,Fri,24,0
USA,Fri,25,0
USA,Fri,26,0
USA,Fri,27,0
USA,Fri,28,0
USA,Fri,29,0
USA,Fri,30,0
USA,Fri,31,0
USA,Fri,32,0
USA,Fri,33,0
USA,Fri,34,0
USA,Fri,35,0
USA,Fri,36,0
USA,Fri,37,0
USA,Fri,38,0
USA,Fri,39,0
USA,Fri,40,0
USA,Fri,41,0
USA,Fri,42,0
USA,Fri,43,0
USA,Fri,44,0
USA,Fri,45,0
USA,Fri,46,0
USA,Fri,47,0
USA,Fri,48,0
USA,Fri,49,0
USA,Fri,50,0
USA,Fri,51,0
USA,Fri,52,0
USA,Fri,53,0
USA,Fri,54,0
USA,Fri,55,0
USA,Fri,56,0
USA,Fri,57,0
USA,Fri,58,0
USA,Fri,59,0
USA,Fri,60,0
USA,Fri,61,0
USA,Fri,62,0
USA,Fri,63,0
USA,Fri,64,0
USA,Fri,65,0
USA,Fri,66,0
USA,Fri,67,0
USA,Fri,68,0
USA,Fri,69,0
USA,Fri,70,0
USA,Fri,71,0
USA,Fri,72,0
USA,Fri,73,0
USA,Sat,0,0
USA,Sat,1,0
USA,Sat,2,0
USA,Sat,3,0
USA,Sat,4,0
USA,Sat,5,0
USA,Sat,6,0
USA,Sat,7,0
USA,Sat,8,0
USA,Sat,9,0
USA,Sat,10,0
USA,Sat,11,0
USA,Sat,12,0
USA,Sat,13,0
USA,Sat,14,0
USA,Sat,15,0
USA,Sat,16,0
USA,Sat,17,0
USA,Sat,18,0
USA,Sat,19,0
USA,Sat,20,0
USA,Sat,21,0
USA,Sat,22,0
USA,Sat,23,0
USA,Sat,24,0
USA,Sat,25,0
USA,Sat,26,0
USA,Sat,27,0
USA,Sat,28,0
USA,Sat,29,0
USA,Sat,30,0
USA,Sat,31,0
USA,Sat,32,0
USA,Sat,33,0
USA,Sat,34,0
USA,Sat,35,0
USA,Sat,36,0
USA,Sat,37,0
USA,Sat,38,0
USA,Sat,39,0
USA,Sat,40,0
USA,Sat,41,0
USA,Sat,42,0
USA,Sat,43,0
USA,Sat,44,0
USA,Sat,45,0
USA,Sat,46,0
USA,Sat,47,0
USA,Sat,48,0
USA,Sat,49,0
USA,Sat,50,0
USA,Sat,51,0
USA,Sat,52,0
USA,Sat,53,0
USA,Sat,54,0
USA,Sat,55,0
USA,Sat,56,0
USA,Sat,57,0
USA,Sat,58,0
USA,Sat,59,0
USA,Sat,60,0
USA,Sat,61,0
USA,Sat,62,0
USA,Sat,63,0
USA,Sat,64,0
USA,Sat,65,0
USA,Sat,66,0
USA,Sat,67,0
USA,Sat,68,0
USA,Sat,69,0
USA,Sat,70,0
USA,Sat,71,0
USA,Sat,72,0
USA,Sat,73,0
VNM,Sun,0,0
VNM,Sun,1,0
VNM,Sun,2,0
VNM,Sun,3,0
VNM,Sun,4,0
VNM,Sun,5,0
VNM,Sun,6,0
VNM,Sun,7,0
VNM,Sun,8,0
VNM,Sun,9,0
VNM,Sun,10,0
VNM,Sun,11,0
VNM,Sun,12,0
VNM,Sun,13,0
VNM,Sun,14,0
VNM,Sun,15,0
VNM,Sun,16,0
VNM,Sun,17,0
VNM,Sun,18,0
VNM,Sun,19,0
VNM,Sun,20,0
VNM,Sun,21,0
VNM,Sun,22,0
VNM,Sun,23,0
VNM,Sun,24,0
VNM,Sun,25,0
VNM,Sun,26,0
VNM,Sun,27,0
VNM,Sun,28,0
VNM,Sun,29,0
VNM,Sun,30,0
VNM,Sun,31,0
VNM,Sun,32,0
VNM,Sun,33,0
VNM,Sun,34,0
VNM,Sun,35,0
VNM,Sun,36,0
VNM,Sun,37,0
VNM,Sun,38,0
VNM,Sun,39,0
VNM,Sun,40,0
VNM,Sun,41,0
VNM,Sun,42,0
VNM,Sun,43,0
VNM,Sun,44,0
VNM,Sun,45,0
VNM,Sun,46,0
VNM,Sun,47,0
VNM,Sun,48,0
VNM,Sun,49,0
VNM,Sun,50,0
VNM,Sun,51,0
VNM,Sun,52,0
VNM,Sun,53,0
VNM,Sun,54,0
VNM,Sun,55,0
VNM,Sun,56,0
VNM,Sun,57,0
VNM,Sun,58,0
VNM,Sun,59,0
VNM,Sun,60,0
VNM,Sun,61,0
VNM,Sun,62,0
VNM,Sun,63,0
VNM,Sun,64,0
VNM,Sun,65,0
VNM,Sun,66,0
VNM,Sun,67,0
VNM,Sun,68,0
VNM,Sun,69,0
VNM,Sun,70,0
VNM,Sun,71,0
VNM,Sun,72,0
VNM,Sun,73,0
VNM,Mon,0,0
VNM,Mon,1,0
VNM,Mon,2,0
VNM,Mon,3,0
VNM,Mon,4,0
VNM,Mon,5,0
VNM,Mon,6,0
VNM,Mon,7,0
VNM,Mon,8,0
VNM,Mon,9,0
VNM,Mon,10,0
VNM,Mon,11,0
VNM,Mon,12,0
VNM,Mon,13,0
VNM,Mon,14,0
VNM,Mon,15,0
VNM,Mon,16,0
VNM,Mon,17,0
VNM,Mon,18,0
VNM,Mon,19,0
VNM,Mon,20,0
VNM,Mon,21,0
VNM,Mon,22,0
VNM,Mon,23,0
VNM,Mon,24,0
VNM,Mon,25,0
VNM,Mon,26,0
VNM,Mon,27,0
VNM,Mon,28,0
VNM,Mon,29,0
VNM,Mon,30,0
VNM,Mon,31,0
VNM,Mon,32,0
VNM,Mon,33,0
VNM,Mon,34,0
VNM,Mon,35,0
VNM,Mon,36,0
VNM,Mon,37,0
VNM,Mon,38,0
VNM,Mon,39,0
VNM,Mon,40,0
VNM,Mon,41,0
VNM,Mon,42,0
VNM,Mon,43,0
VNM,Mon,44,0
VNM,Mon,45,0
VNM,Mon,46,0
VNM,Mon,47,0
VNM,Mon,48,0
VNM,Mon,49,0
VNM,Mon,50,0
VNM,Mon,51,0
VNM,Mon,52,0
VNM,Mon,53,0
VNM,Mon,54,0
VNM,Mon,55,0
VNM,Mon,56,0
VNM,Mon,57,0
VNM,Mon,58,0
VNM,Mon,59,0
VNM,Mon,60,0
VNM,Mon,61,0
VNM,Mon,62,0
VNM,Mon,63,0
VNM,Mon,64,0
VNM,Mon,65,0
VNM,Mon,66,0
VNM,Mon,67,0
VNM,Mon,68,0
VNM,Mon,69,0
VNM,Mon,70,0
VNM,Mon,71,0
VNM,Mon,72,0
VNM,Mon,73,0
VNM,Tue,0,0
VNM,Tue,1,0
VNM,Tue,2,0
VNM,Tue,3,0
VNM,Tue,4,0
VNM,Tue,5,0
VNM,Tue,6,0
VNM,Tue,7,0
VNM,Tue,8,0
VNM,Tue,9,0
VNM,Tue,10,0
VNM,Tue,11,0
VNM,Tue,12,0
VNM,Tue,13,0
VNM,Tue,14,0
VNM,Tue,15,0
VNM,Tue,16,0
VNM,Tue,17,0
VNM,Tue,18,0
VNM,Tue,19,0
VNM,Tue,20,0
VNM,Tue,21,0
VNM,Tue,22,0
VNM,Tue,23,0
VNM,Tue,24,0
VNM,Tue,25,0
VNM,Tue,26,0
VNM,Tue,27,0
VNM,Tue,28,0
VNM,Tue,29,0
VNM,Tue,30,0
VNM,Tue,31,0
VNM,Tue,32,0
VNM,Tue,33,0
VNM,Tue,34,0
VNM,Tue,35,0
VNM,Tue,36,0
VNM,Tue,37,0
VNM,Tue,38,0
VNM,Tue,39,0
VNM,Tue,40,0
VNM,Tue,41,0
VNM,Tue,42,0
VNM,Tue,43,0
VNM,Tue,44,0
VNM,Tue,45,0
VNM,Tue,46,0
VNM,Tue,47,0
VNM,Tue,48,0
VNM,Tue,49,0
VNM,Tue,50,0
VNM,Tue,51,0
VNM,Tue,52,0
VNM,Tue,53,0
VNM,Tue,54,0
VNM,Tue,55,0
VNM,Tue,56,0
VNM,Tue,57,0
VNM,Tue,58,0
VNM,Tue,59,0
VNM,Tue,60,0
VNM,Tue,61,0
VNM,Tue,62,0
VNM,Tue,63,0
VNM,Tue,64,0
VNM,Tue,65,0
VNM,Tue,66,0
VNM,Tue,67,0
VNM,Tue,68,0
VNM,Tue,69,0
VNM,Tue,70,0
VNM,Tue,71,0
VNM,Tue,72,0
VNM,Tue,73,0
VNM,Wed,0,0
VNM,Wed,1,0
VNM,Wed,2,0
VNM,Wed,3,0
VNM,Wed,4,0
VNM,Wed,5,0
VNM,Wed,6,0
VNM,Wed,7,0
VNM,Wed,8,0
VNM,Wed,9,0
VNM,Wed,10,0
VNM,Wed,11,0
VNM,Wed,12,0
VNM,Wed,13,0
VNM,Wed,14,0
VNM,Wed,15,0
VNM,Wed,16,0
VNM,Wed,17,0
VNM,Wed,18,0
VNM,Wed,19,0
VNM,Wed,20,0
VNM,Wed,21,0
VNM,Wed,22,0
VNM,Wed,23,0
VNM,Wed,24,0
VNM,Wed,25,0
VNM,Wed,26,0
VNM,Wed,27,0
VNM,Wed,28,0
VNM,Wed,29,0
VNM,Wed,30,0
VNM,Wed,31,0
VNM,Wed,32,0
VNM,Wed,33,0
VNM,Wed,34,0
VNM,Wed,35,0
VNM,Wed,36,0
VNM,Wed,37,0
VNM,Wed,38,0
VNM,Wed,39,0
VNM,Wed,40,0
VNM,Wed,41,0
VNM,Wed,42,0
VNM,Wed,43,0
VNM,Wed,44,0
VNM,Wed,45,0
VNM,Wed,46,0
VNM,Wed,47,0
VNM,Wed,48,0
VNM,Wed,49,0
VNM,Wed,50,0
VNM,Wed,51,0
VNM,Wed,52,0
VNM,Wed,53,0
VNM,Wed,54,0
VNM,Wed,55,0
VNM,Wed,56,0
VNM,Wed,57,0
VNM,Wed,58,0
VNM,Wed,59,0
VNM,Wed,60,0
VNM,Wed,61,0
VNM,Wed,62,0
VNM,Wed,63,0
VNM,Wed,64,0
VNM,Wed,65,0
VNM,Wed,66,0
VNM,Wed,67,0
VNM,Wed,68,0
VNM,Wed,69,0
VNM,Wed,70,0
VNM,Wed,71,0
VNM,Wed,72,0
VNM,Wed,73,0
VNM,Thu,0,0
VNM,Thu,1,0
VNM,Thu,2,0
VNM,Thu,3,0
VNM,Thu,4,0
VNM,Thu,5,0
VNM,Thu,6,0
VNM,Thu,7,0
VNM,Thu,8,0
VNM,Thu,9,0
VNM,Thu,10,0
VNM,Thu,11,0
VNM,Thu,12,0
VNM,Thu,13,0
VNM,Thu,14,0
VNM,Thu,15,0
VNM,Thu,16,0
VNM,Thu,17,0
VNM,Thu,18,0
VNM,Thu,19,0
VNM,Thu,20,0
VNM,Thu,21,0
VNM,Thu,22,0
VNM,Thu,23,0
VNM,Thu,24,0
VNM,Thu,25,0
VNM,Thu,26,0
VNM,Thu,27,0
VNM,Thu,28,0
VNM,Thu,29,0
VNM,Thu,30,0
VNM,Thu,31,0
VNM,Thu,32,0
VNM,Thu,33,0
VNM,Thu,34,0
VNM,Thu,35,0
VNM,Thu,36,0
VNM,Thu,37,0
VNM,Thu,38,0
VNM,Thu,39,0
VNM,Thu,40,0
VNM,Thu,41,0
VNM,Thu,42,0
VNM,Thu,43,0
VNM,Thu,44,0
VNM,Thu,45,0
VNM,Thu,46,0
VNM,Thu,47,0
VNM,Thu,48,0
VNM,Thu,49,0
VNM,Thu,50,0
VNM,Thu,51,0
VNM,Thu,52,0
VNM,Thu,53,0
VNM,Thu,54,0
VNM,Thu,55,0
VNM,Thu,56,0
VNM,Thu,57,0
VNM,Thu,58,0
VNM,Thu,59,0
VNM,Thu,60,0
VNM,Thu,61,0
VNM,Thu,62,0
VNM,Thu,63,0
VNM,Thu,64,0
VNM,Thu,65,0
VNM,Thu,66,0
VNM,Thu,67,0
VNM,Thu,68,0
VNM,Thu,69,0
VNM,Thu,70,0
VNM,Thu,71,0
VNM,Thu,72,0
VNM,Thu,73,0
VNM,Fri,0,0
VNM,Fri,1,0
VNM,Fri,2,0
VNM,Fri,3,0
VNM,Fri,4,0
VNM,Fri,5,0
VNM,Fri,6,0
VNM,Fri,7,0
VNM,Fri,8,0
VNM,Fri,9,0
VNM,Fri,10,0
VNM,Fri,11,0
VNM,Fri,12,0
VNM,Fri,13,0
VNM,Fri,14,0
VNM,Fri,15,0
VNM,Fri,16,0
VNM,Fri,17,0
VNM,Fri,18,0
VNM,Fri,19,0
VNM,Fri,20,0
VNM,Fri,21,0
VNM,Fri,22,0
VNM,Fri,23,0
VNM,Fri,24,0
VNM,Fri,25,0
VNM,Fri,26,0
VNM,Fri,27,0
VNM,Fri,28,0
VNM,Fri,29,0
VNM,Fri,30,0
VNM,Fri,31,0
VNM,Fri,32,0
VNM,Fri,33,0
VNM,Fri,34,0
VNM,Fri,35,0
VNM,Fri,36,0
VNM,Fri,37,0
VNM,Fri,38,0
VNM,Fri,39,0
VNM,Fri,40,0
VNM,Fri,41,0
VNM,Fri,42,0
VNM,Fri,43,0
VNM,Fri,44,0
VNM,Fri,45,0
VNM,Fri,46,0
VNM,Fri,47,0
VNM,Fri,48,0
VNM,Fri,49,0
VNM,Fri,50,0
VNM,Fri,51,0
VNM,Fri,52,0
VNM,Fri,53,0
VNM,Fri,54,0
VNM,Fri,55,0
VNM,Fri,56,0
VNM,Fri,57,0
VNM,Fri,58,0
VNM,Fri,59,0
VNM,Fri,60,0
VNM,Fri,61,0
VNM,Fri,62,0
VNM,Fri,63,0
VNM,Fri,64,0
VNM,Fri,65,0
VNM,Fri,66,0
VNM,Fri,67,0
VNM,Fri,68,0
VNM,Fri,69,0
VNM,Fri,70,0
VNM,Fri,71,0
VNM,Fri,72,0
VNM,Fri,73,0
VNM,Sat,0,0
VNM,Sat,1,0
VNM,Sat,2,0
VNM,Sat,3,0
VNM,Sat,4,0
VNM,Sat,5,0
VNM,Sat,6,0
VNM,Sat,7,0
VNM,Sat,8,0
VNM,Sat,9,0
VNM,Sat,10,0
VNM,Sat,11,0
VNM,Sat,12,0
VNM,Sat,13,0
VNM,Sat,14,0
VNM,Sat,15,0
VNM,Sat,16,0
VNM,Sat,17,0
VNM,Sat,18,0
VNM,Sat,19,0
VNM,Sat,20,0
VNM,Sat,21,0
VNM,Sat,22,0
VNM,Sat,23,0
VNM,Sat,24,0
VNM,Sat,25,0
VNM,Sat,26,0
VNM,Sat,27,0
VNM,Sat,28,0
VNM,Sat,29,0
VNM,Sat,30,0
VNM,Sat,31,0
VNM,Sat,32,0
VNM,Sat,33,0
VNM,Sat,34,0
VNM,Sat,35,0
VNM,Sat,36,0
VNM,Sat,37,0
VNM,Sat,38,0
VNM,Sat,39,0
VNM,Sat,40,0
VNM,Sat,41,0
VNM,Sat,42,0
VNM,Sat,43,0
VNM,Sat,44,0
VNM,Sat,45,0
VNM,Sat,46,0
VNM,Sat,47,0
VNM,Sat,48,0
VNM,Sat,49,0
VNM,Sat,50,0
VNM,Sat,51,0
VNM,Sat,52,0
VNM,Sat,53,0
VNM,Sat,54,0
VNM,Sat,55,0
VNM,Sat,56,0
VNM,Sat,57,0
VNM,Sat,58,0
VNM,Sat,59,0
VNM,Sat,60,0
VNM,Sat,61,0
VNM,Sat,62,0
VNM,Sat,63,0
VNM,Sat,64,0
VNM,Sat,65,0
VNM,Sat,66,0
VNM,Sat,67,0
VNM,Sat,68,0
VNM,Sat,69,0
VNM,Sat,70,0
VNM,Sat,71,0
VNM,Sat,72,0
VNM,Sat,73,0
